Split,Window,Period,Region,Model,RMSE,MAPE,SMAPE
Training,"August 1, 2024 - August 15, 2024",Period_1,Region 1,GRU-SW,65.7306,7.4255,6.4956
Training,"August 1, 2024 - August 15, 2024",Period_1,Region 1,GRU-PACF,73.2097,8.3848,7.1933
Training,"August 1, 2024 - August 15, 2024",Period_1,Region 1,GRU-PLCMF,67.0465,7.6126,6.6742
Training,"August 1, 2024 - August 15, 2024",Period_1,Region 2,GRU-SW,82.9738,4.6425,4.4747
Training,"August 1, 2024 - August 15, 2024",Period_1,Region 2,GRU-PACF,89.8872,5.0338,4.7779
Training,"August 1, 2024 - August 15, 2024",Period_1,Region 2,GRU-PLCMF,79.1162,4.37,4.2194
Training,"August 1, 2024 - August 15, 2024",Period_1,Region 3,GRU-SW,65.4623,5.1385,4.9336
Training,"August 1, 2024 - August 15, 2024",Period_1,Region 3,GRU-PACF,85.4075,7.5398,7.1076
Training,"August 1, 2024 - August 15, 2024",Period_1,Region 3,GRU-PLCMF,65.3049,5.1119,4.9217
Training,"August 1, 2024 - August 15, 2024",Period_1,Region 4,GRU-SW,21.0867,3.0177,2.9811
Training,"August 1, 2024 - August 15, 2024",Period_1,Region 4,GRU-PACF,27.9413,4.2809,4.2034
Training,"August 1, 2024 - August 15, 2024",Period_1,Region 4,GRU-PLCMF,19.5434,2.7405,2.7212
Training,"August 1, 2024 - August 15, 2024",Period_1,Region 5,GRU-SW,43.8798,5.8538,5.7761
Training,"August 1, 2024 - August 15, 2024",Period_1,Region 5,GRU-PACF,44.597,6.2214,6.0664
Training,"August 1, 2024 - August 15, 2024",Period_1,Region 5,GRU-PLCMF,43.2044,5.8034,5.7218
Training,"August 1, 2024 - August 15, 2024",Period_1,Region 6,GRU-SW,71.3881,6.0919,5.7469
Training,"August 1, 2024 - August 15, 2024",Period_1,Region 6,GRU-PACF,75.9729,6.7481,6.3497
Training,"August 1, 2024 - August 15, 2024",Period_1,Region 6,GRU-PLCMF,76.9712,6.7302,6.3229
Training,"August 1, 2024 - August 15, 2024",Period_2,Region 1,GRU-SW,85.9763,9.615,8.045
Training,"August 1, 2024 - August 15, 2024",Period_2,Region 1,GRU-PACF,91.8281,10.6048,8.8548
Training,"August 1, 2024 - August 15, 2024",Period_2,Region 1,GRU-PLCMF,86.8155,9.685,8.0637
Training,"August 1, 2024 - August 15, 2024",Period_2,Region 2,GRU-SW,134.8321,6.1595,5.7055
Training,"August 1, 2024 - August 15, 2024",Period_2,Region 2,GRU-PACF,144.1071,6.7596,6.202
Training,"August 1, 2024 - August 15, 2024",Period_2,Region 2,GRU-PLCMF,146.7125,6.9586,6.3644
Training,"August 1, 2024 - August 15, 2024",Period_2,Region 3,GRU-SW,79.1287,5.2362,4.9406
Training,"August 1, 2024 - August 15, 2024",Period_2,Region 3,GRU-PACF,126.6269,10.5115,9.6725
Training,"August 1, 2024 - August 15, 2024",Period_2,Region 3,GRU-PLCMF,78.7534,5.2161,4.9318
Training,"August 1, 2024 - August 15, 2024",Period_2,Region 4,GRU-SW,26.9432,3.5231,3.4827
Training,"August 1, 2024 - August 15, 2024",Period_2,Region 4,GRU-PACF,29.1233,3.9364,3.8546
Training,"August 1, 2024 - August 15, 2024",Period_2,Region 4,GRU-PLCMF,26.3045,3.5185,3.4628
Training,"August 1, 2024 - August 15, 2024",Period_2,Region 5,GRU-SW,51.0909,6.8437,6.5614
Training,"August 1, 2024 - August 15, 2024",Period_2,Region 5,GRU-PACF,49.9671,6.7007,6.4513
Training,"August 1, 2024 - August 15, 2024",Period_2,Region 5,GRU-PLCMF,49.729,6.6766,6.4029
Training,"August 1, 2024 - August 15, 2024",Period_2,Region 6,GRU-SW,102.7262,7.8233,7.1682
Training,"August 1, 2024 - August 15, 2024",Period_2,Region 6,GRU-PACF,97.4147,7.3108,6.7244
Training,"August 1, 2024 - August 15, 2024",Period_2,Region 6,GRU-PLCMF,107.1768,8.3619,7.6526
Training,"August 1, 2024 - August 15, 2024",Period_3,Region 1,GRU-SW,61.9286,7.3401,6.6673
Training,"August 1, 2024 - August 15, 2024",Period_3,Region 1,GRU-PACF,59.2531,6.7365,6.0753
Training,"August 1, 2024 - August 15, 2024",Period_3,Region 1,GRU-PLCMF,55.057,6.3826,5.8859
Training,"August 1, 2024 - August 15, 2024",Period_3,Region 2,GRU-SW,94.6834,4.5637,4.4041
Training,"August 1, 2024 - August 15, 2024",Period_3,Region 2,GRU-PACF,115.1711,5.788,5.5014
Training,"August 1, 2024 - August 15, 2024",Period_3,Region 2,GRU-PLCMF,110.7986,5.452,5.1867
Training,"August 1, 2024 - August 15, 2024",Period_3,Region 3,GRU-SW,125.7118,10.3172,9.5879
Training,"August 1, 2024 - August 15, 2024",Period_3,Region 3,GRU-PACF,109.4909,8.6465,8.1756
Training,"August 1, 2024 - August 15, 2024",Period_3,Region 3,GRU-PLCMF,64.387,4.3215,4.1593
Training,"August 1, 2024 - August 15, 2024",Period_3,Region 4,GRU-SW,25.4121,3.1626,3.1218
Training,"August 1, 2024 - August 15, 2024",Period_3,Region 4,GRU-PACF,30.0284,3.8546,3.7755
Training,"August 1, 2024 - August 15, 2024",Period_3,Region 4,GRU-PLCMF,27.1149,3.4503,3.3799
Training,"August 1, 2024 - August 15, 2024",Period_3,Region 5,GRU-SW,44.2697,5.1241,5.085
Training,"August 1, 2024 - August 15, 2024",Period_3,Region 5,GRU-PACF,47.2534,5.7308,5.6233
Training,"August 1, 2024 - August 15, 2024",Period_3,Region 5,GRU-PLCMF,44.0013,5.1056,5.0611
Training,"August 1, 2024 - August 15, 2024",Period_3,Region 6,GRU-SW,87.4338,6.7738,6.3683
Training,"August 1, 2024 - August 15, 2024",Period_3,Region 6,GRU-PACF,71.2486,5.1832,4.9338
Training,"August 1, 2024 - August 15, 2024",Period_3,Region 6,GRU-PLCMF,58.3345,3.9601,3.8011
Training,"January 1, 2025 - January 15, 2025",Period_1,Region 1,GRU-SW,61.4003,6.7956,6.0353
Training,"January 1, 2025 - January 15, 2025",Period_1,Region 1,GRU-PACF,68.1659,7.405,6.4019
Training,"January 1, 2025 - January 15, 2025",Period_1,Region 1,GRU-PLCMF,69.2154,7.6754,6.632
Training,"January 1, 2025 - January 15, 2025",Period_1,Region 2,GRU-SW,72.7432,3.9479,3.8277
Training,"January 1, 2025 - January 15, 2025",Period_1,Region 2,GRU-PACF,77.469,4.2006,4.0695
Training,"January 1, 2025 - January 15, 2025",Period_1,Region 2,GRU-PLCMF,72.2639,3.9554,3.8546
Training,"January 1, 2025 - January 15, 2025",Period_1,Region 3,GRU-SW,89.6675,7.2158,6.9078
Training,"January 1, 2025 - January 15, 2025",Period_1,Region 3,GRU-PACF,71.7403,5.1259,4.8827
Training,"January 1, 2025 - January 15, 2025",Period_1,Region 3,GRU-PLCMF,84.1333,6.8789,6.4836
Training,"January 1, 2025 - January 15, 2025",Period_1,Region 4,GRU-SW,25.547,3.808,3.746
Training,"January 1, 2025 - January 15, 2025",Period_1,Region 4,GRU-PACF,22.7833,3.24,3.2285
Training,"January 1, 2025 - January 15, 2025",Period_1,Region 4,GRU-PLCMF,20.6847,2.8843,2.8704
Training,"January 1, 2025 - January 15, 2025",Period_1,Region 5,GRU-SW,46.2951,6.0939,6.0918
Training,"January 1, 2025 - January 15, 2025",Period_1,Region 5,GRU-PACF,46.4765,6.0558,6.0618
Training,"January 1, 2025 - January 15, 2025",Period_1,Region 5,GRU-PLCMF,46.6667,6.1077,6.1061
Training,"January 1, 2025 - January 15, 2025",Period_1,Region 6,GRU-SW,55.9721,4.2793,4.0728
Training,"January 1, 2025 - January 15, 2025",Period_1,Region 6,GRU-PACF,66.952,5.4464,5.1344
Training,"January 1, 2025 - January 15, 2025",Period_1,Region 6,GRU-PLCMF,63.0571,5.0151,4.7491
Training,"January 1, 2025 - January 15, 2025",Period_2,Region 1,GRU-SW,86.593,9.4109,7.888
Training,"January 1, 2025 - January 15, 2025",Period_2,Region 1,GRU-PACF,86.4866,9.4029,7.8745
Training,"January 1, 2025 - January 15, 2025",Period_2,Region 1,GRU-PLCMF,83.8348,9.0422,7.6352
Training,"January 1, 2025 - January 15, 2025",Period_2,Region 2,GRU-SW,126.7739,5.6177,5.2104
Training,"January 1, 2025 - January 15, 2025",Period_2,Region 2,GRU-PACF,141.854,6.7281,6.2226
Training,"January 1, 2025 - January 15, 2025",Period_2,Region 2,GRU-PLCMF,130.6952,5.8799,5.446
Training,"January 1, 2025 - January 15, 2025",Period_2,Region 3,GRU-SW,102.4921,7.6099,7.0774
Training,"January 1, 2025 - January 15, 2025",Period_2,Region 3,GRU-PACF,83.4412,5.2631,4.9518
Training,"January 1, 2025 - January 15, 2025",Period_2,Region 3,GRU-PLCMF,81.5927,5.0827,4.7793
Training,"January 1, 2025 - January 15, 2025",Period_2,Region 4,GRU-SW,30.5735,4.1694,4.0808
Training,"January 1, 2025 - January 15, 2025",Period_2,Region 4,GRU-PACF,31.0202,4.2394,4.1485
Training,"January 1, 2025 - January 15, 2025",Period_2,Region 4,GRU-PLCMF,30.4695,4.1558,4.0639
Training,"January 1, 2025 - January 15, 2025",Period_2,Region 5,GRU-SW,59.4093,7.8423,7.8016
Training,"January 1, 2025 - January 15, 2025",Period_2,Region 5,GRU-PACF,60.231,7.8802,7.8977
Training,"January 1, 2025 - January 15, 2025",Period_2,Region 5,GRU-PLCMF,58.1404,7.673,7.6378
Training,"January 1, 2025 - January 15, 2025",Period_2,Region 6,GRU-SW,79.4309,5.0531,4.6716
Training,"January 1, 2025 - January 15, 2025",Period_2,Region 6,GRU-PACF,86.5332,5.8468,5.3743
Training,"January 1, 2025 - January 15, 2025",Period_2,Region 6,GRU-PLCMF,77.7706,4.8609,4.4854
Training,"January 1, 2025 - January 15, 2025",Period_3,Region 1,GRU-SW,60.4804,6.7543,6.1817
Training,"January 1, 2025 - January 15, 2025",Period_3,Region 1,GRU-PACF,68.149,7.836,7.1093
Training,"January 1, 2025 - January 15, 2025",Period_3,Region 1,GRU-PLCMF,67.9614,7.952,7.2402
Training,"January 1, 2025 - January 15, 2025",Period_3,Region 2,GRU-SW,126.5654,6.227,5.8364
Training,"January 1, 2025 - January 15, 2025",Period_3,Region 2,GRU-PACF,112.2495,5.3407,5.059
Training,"January 1, 2025 - January 15, 2025",Period_3,Region 2,GRU-PLCMF,110.6994,5.2031,4.9132
Training,"January 1, 2025 - January 15, 2025",Period_3,Region 3,GRU-SW,75.4886,4.7781,4.4986
Training,"January 1, 2025 - January 15, 2025",Period_3,Region 3,GRU-PACF,83.1002,5.5586,5.2503
Training,"January 1, 2025 - January 15, 2025",Period_3,Region 3,GRU-PLCMF,97.7489,6.9162,6.4441
Training,"January 1, 2025 - January 15, 2025",Period_3,Region 4,GRU-SW,37.268,4.7562,4.598
Training,"January 1, 2025 - January 15, 2025",Period_3,Region 4,GRU-PACF,35.9041,4.5772,4.4336
Training,"January 1, 2025 - January 15, 2025",Period_3,Region 4,GRU-PLCMF,38.0177,4.8743,4.7057
Training,"January 1, 2025 - January 15, 2025",Period_3,Region 5,GRU-SW,56.0653,7.564,7.2297
Training,"January 1, 2025 - January 15, 2025",Period_3,Region 5,GRU-PACF,59.6022,8.2298,7.8083
Training,"January 1, 2025 - January 15, 2025",Period_3,Region 5,GRU-PLCMF,62.8906,8.8083,8.3191
Training,"January 1, 2025 - January 15, 2025",Period_3,Region 6,GRU-SW,89.0956,6.489,6.0797
Training,"January 1, 2025 - January 15, 2025",Period_3,Region 6,GRU-PACF,106.9475,8.0904,7.5031
Training,"January 1, 2025 - January 15, 2025",Period_3,Region 6,GRU-PLCMF,97.8208,7.2059,6.7151
Training,"October 1, 2025 - October 15, 2025",Period_1,Region 1,GRU-SW,60.3828,6.6438,6.0355
Training,"October 1, 2025 - October 15, 2025",Period_1,Region 1,GRU-PACF,66.6534,7.2451,6.4448
Training,"October 1, 2025 - October 15, 2025",Period_1,Region 1,GRU-PLCMF,64.5874,7.0531,6.3096
Training,"October 1, 2025 - October 15, 2025",Period_1,Region 2,GRU-SW,96.1645,5.4944,5.1827
Training,"October 1, 2025 - October 15, 2025",Period_1,Region 2,GRU-PACF,96.847,5.5078,5.1928
Training,"October 1, 2025 - October 15, 2025",Period_1,Region 2,GRU-PLCMF,99.5511,5.748,5.4055
Training,"October 1, 2025 - October 15, 2025",Period_1,Region 3,GRU-SW,63.7263,4.2966,4.0408
Training,"October 1, 2025 - October 15, 2025",Period_1,Region 3,GRU-PACF,101.1259,8.4906,7.8463
Training,"October 1, 2025 - October 15, 2025",Period_1,Region 3,GRU-PLCMF,94.2461,7.7251,7.1689
Training,"October 1, 2025 - October 15, 2025",Period_1,Region 4,GRU-SW,28.874,4.372,4.2532
Training,"October 1, 2025 - October 15, 2025",Period_1,Region 4,GRU-PACF,38.194,6.0434,5.7925
Training,"October 1, 2025 - October 15, 2025",Period_1,Region 4,GRU-PLCMF,31.4003,4.8554,4.7038
Training,"October 1, 2025 - October 15, 2025",Period_1,Region 5,GRU-SW,60.0483,9.3211,8.7596
Training,"October 1, 2025 - October 15, 2025",Period_1,Region 5,GRU-PACF,64.8179,10.2679,9.573
Training,"October 1, 2025 - October 15, 2025",Period_1,Region 5,GRU-PLCMF,59.7823,9.2782,8.7257
Training,"October 1, 2025 - October 15, 2025",Period_1,Region 6,GRU-SW,78.2641,6.5892,6.1645
Training,"October 1, 2025 - October 15, 2025",Period_1,Region 6,GRU-PACF,80.6277,6.8009,6.3528
Training,"October 1, 2025 - October 15, 2025",Period_1,Region 6,GRU-PLCMF,72.7933,6.0418,5.6804
Training,"October 1, 2025 - October 15, 2025",Period_2,Region 1,GRU-SW,79.3793,8.4585,7.3331
Training,"October 1, 2025 - October 15, 2025",Period_2,Region 1,GRU-PACF,84.5606,9.0312,7.7363
Training,"October 1, 2025 - October 15, 2025",Period_2,Region 1,GRU-PLCMF,80.4538,8.5023,7.3174
Training,"October 1, 2025 - October 15, 2025",Period_2,Region 2,GRU-SW,145.9846,6.7659,6.1749
Training,"October 1, 2025 - October 15, 2025",Period_2,Region 2,GRU-PACF,154.1047,7.3158,6.6494
Training,"October 1, 2025 - October 15, 2025",Period_2,Region 2,GRU-PLCMF,137.4221,6.1723,5.6764
Training,"October 1, 2025 - October 15, 2025",Period_2,Region 3,GRU-SW,113.2916,8.2384,7.5223
Training,"October 1, 2025 - October 15, 2025",Period_2,Region 3,GRU-PACF,118.0512,8.7642,7.9878
Training,"October 1, 2025 - October 15, 2025",Period_2,Region 3,GRU-PLCMF,114.2279,8.3721,7.6434
Training,"October 1, 2025 - October 15, 2025",Period_2,Region 4,GRU-SW,31.0813,4.1522,4.0477
Training,"October 1, 2025 - October 15, 2025",Period_2,Region 4,GRU-PACF,34.7063,4.7395,4.592
Training,"October 1, 2025 - October 15, 2025",Period_2,Region 4,GRU-PLCMF,26.8543,3.491,3.4406
Training,"October 1, 2025 - October 15, 2025",Period_2,Region 5,GRU-SW,82.8919,12.5339,11.3898
Training,"October 1, 2025 - October 15, 2025",Period_2,Region 5,GRU-PACF,78.37,11.6528,10.6656
Training,"October 1, 2025 - October 15, 2025",Period_2,Region 5,GRU-PLCMF,80.8438,12.1031,11.0298
Training,"October 1, 2025 - October 15, 2025",Period_2,Region 6,GRU-SW,98.0383,6.8999,6.3233
Training,"October 1, 2025 - October 15, 2025",Period_2,Region 6,GRU-PACF,98.7775,6.9836,6.3848
Training,"October 1, 2025 - October 15, 2025",Period_2,Region 6,GRU-PLCMF,92.451,6.2299,5.7089
Training,"October 1, 2025 - October 15, 2025",Period_3,Region 1,GRU-SW,63.4186,7.3571,6.5726
Training,"October 1, 2025 - October 15, 2025",Period_3,Region 1,GRU-PACF,60.7376,6.7993,6.1042
Training,"October 1, 2025 - October 15, 2025",Period_3,Region 1,GRU-PLCMF,68.6307,8.0122,7.2705
Training,"October 1, 2025 - October 15, 2025",Period_3,Region 2,GRU-SW,84.4906,3.9316,3.8337
Training,"October 1, 2025 - October 15, 2025",Period_3,Region 2,GRU-PACF,91.9473,4.2505,4.1204
Training,"October 1, 2025 - October 15, 2025",Period_3,Region 2,GRU-PLCMF,121.5919,5.8849,5.5285
Training,"October 1, 2025 - October 15, 2025",Period_3,Region 3,GRU-SW,70.4372,4.2388,4.039
Training,"October 1, 2025 - October 15, 2025",Period_3,Region 3,GRU-PACF,73.227,4.4734,4.2672
Training,"October 1, 2025 - October 15, 2025",Period_3,Region 3,GRU-PLCMF,77.0328,4.9288,4.6486
Training,"October 1, 2025 - October 15, 2025",Period_3,Region 4,GRU-SW,22.5055,2.7232,2.7069
Training,"October 1, 2025 - October 15, 2025",Period_3,Region 4,GRU-PACF,23.733,2.8588,2.8489
Training,"October 1, 2025 - October 15, 2025",Period_3,Region 4,GRU-PLCMF,36.4203,4.6519,4.5015
Training,"October 1, 2025 - October 15, 2025",Period_3,Region 5,GRU-SW,48.7841,5.7406,5.7685
Training,"October 1, 2025 - October 15, 2025",Period_3,Region 5,GRU-PACF,48.471,5.75,5.7255
Training,"October 1, 2025 - October 15, 2025",Period_3,Region 5,GRU-PLCMF,56.36,7.5883,7.2408
Training,"October 1, 2025 - October 15, 2025",Period_3,Region 6,GRU-SW,76.3659,5.3565,5.0499
Training,"October 1, 2025 - October 15, 2025",Period_3,Region 6,GRU-PACF,78.5228,5.6249,5.3049
Training,"October 1, 2025 - October 15, 2025",Period_3,Region 6,GRU-PLCMF,91.217,6.6824,6.253
Testing,"August 1, 2024 - August 15, 2024",Period_1,Region 1,GRU-SW,29.5404,3.4068,3.3754
Testing,"August 1, 2024 - August 15, 2024",Period_1,Region 1,GRU-PACF,29.3134,3.3208,3.2627
Testing,"August 1, 2024 - August 15, 2024",Period_1,Region 1,GRU-PLCMF,32.193,3.785,3.8156
Testing,"August 1, 2024 - August 15, 2024",Period_1,Region 2,GRU-SW,68.1678,4.3203,4.2204
Testing,"August 1, 2024 - August 15, 2024",Period_1,Region 2,GRU-PACF,57.4342,3.7095,3.7024
Testing,"August 1, 2024 - August 15, 2024",Period_1,Region 2,GRU-PLCMF,78.2451,4.9261,4.7685
Testing,"August 1, 2024 - August 15, 2024",Period_1,Region 3,GRU-SW,55.4089,4.6883,4.5534
Testing,"August 1, 2024 - August 15, 2024",Period_1,Region 3,GRU-PACF,64.5464,5.5895,5.3777
Testing,"August 1, 2024 - August 15, 2024",Period_1,Region 3,GRU-PLCMF,61.0532,5.3336,5.1544
Testing,"August 1, 2024 - August 15, 2024",Period_1,Region 4,GRU-SW,15.8587,2.0687,2.0853
Testing,"August 1, 2024 - August 15, 2024",Period_1,Region 4,GRU-PACF,16.056,2.3102,2.2895
Testing,"August 1, 2024 - August 15, 2024",Period_1,Region 4,GRU-PLCMF,16.839,2.2395,2.2634
Testing,"August 1, 2024 - August 15, 2024",Period_1,Region 5,GRU-SW,34.6332,4.7074,4.464
Testing,"August 1, 2024 - August 15, 2024",Period_1,Region 5,GRU-PACF,39.4155,5.2524,4.9065
Testing,"August 1, 2024 - August 15, 2024",Period_1,Region 5,GRU-PLCMF,32.8425,4.6897,4.4974
Testing,"August 1, 2024 - August 15, 2024",Period_1,Region 6,GRU-SW,37.0553,3.0467,3.0638
Testing,"August 1, 2024 - August 15, 2024",Period_1,Region 6,GRU-PACF,36.3114,3.0364,3.0312
Testing,"August 1, 2024 - August 15, 2024",Period_1,Region 6,GRU-PLCMF,38.9253,3.0992,3.1517
Testing,"August 1, 2024 - August 15, 2024",Period_2,Region 1,GRU-SW,37.5217,4.0456,3.8716
Testing,"August 1, 2024 - August 15, 2024",Period_2,Region 1,GRU-PACF,37.1256,4.1967,4.1136
Testing,"August 1, 2024 - August 15, 2024",Period_2,Region 1,GRU-PLCMF,35.3569,3.8817,3.7492
Testing,"August 1, 2024 - August 15, 2024",Period_2,Region 2,GRU-SW,71.0064,3.9345,3.891
Testing,"August 1, 2024 - August 15, 2024",Period_2,Region 2,GRU-PACF,94.1254,5.1447,5.0026
Testing,"August 1, 2024 - August 15, 2024",Period_2,Region 2,GRU-PLCMF,89.0673,4.9509,4.8207
Testing,"August 1, 2024 - August 15, 2024",Period_2,Region 3,GRU-SW,61.5919,4.854,4.7038
Testing,"August 1, 2024 - August 15, 2024",Period_2,Region 3,GRU-PACF,97.4105,7.882,7.5125
Testing,"August 1, 2024 - August 15, 2024",Period_2,Region 3,GRU-PLCMF,59.0651,4.5981,4.461
Testing,"August 1, 2024 - August 15, 2024",Period_2,Region 4,GRU-SW,18.8238,2.9409,2.89
Testing,"August 1, 2024 - August 15, 2024",Period_2,Region 4,GRU-PACF,19.4606,3.0403,2.9831
Testing,"August 1, 2024 - August 15, 2024",Period_2,Region 4,GRU-PLCMF,13.2726,1.9122,1.9051
Testing,"August 1, 2024 - August 15, 2024",Period_2,Region 5,GRU-SW,44.6758,5.9957,5.6157
Testing,"August 1, 2024 - August 15, 2024",Period_2,Region 5,GRU-PACF,44.5068,5.9498,5.5939
Testing,"August 1, 2024 - August 15, 2024",Period_2,Region 5,GRU-PLCMF,42.4051,5.6197,5.2972
Testing,"August 1, 2024 - August 15, 2024",Period_2,Region 6,GRU-SW,43.8957,3.4345,3.4092
Testing,"August 1, 2024 - August 15, 2024",Period_2,Region 6,GRU-PACF,50.735,3.9068,3.8089
Testing,"August 1, 2024 - August 15, 2024",Period_2,Region 6,GRU-PLCMF,47.1989,3.7529,3.73
Testing,"August 1, 2024 - August 15, 2024",Period_3,Region 1,GRU-SW,31.5555,3.8345,3.9264
Testing,"August 1, 2024 - August 15, 2024",Period_3,Region 1,GRU-PACF,24.5491,2.984,3.0048
Testing,"August 1, 2024 - August 15, 2024",Period_3,Region 1,GRU-PLCMF,25.1139,3.0904,3.118
Testing,"August 1, 2024 - August 15, 2024",Period_3,Region 2,GRU-SW,70.0947,3.7923,3.7076
Testing,"August 1, 2024 - August 15, 2024",Period_3,Region 2,GRU-PACF,62.8156,3.3477,3.2939
Testing,"August 1, 2024 - August 15, 2024",Period_3,Region 2,GRU-PLCMF,61.3016,3.2011,3.1561
Testing,"August 1, 2024 - August 15, 2024",Period_3,Region 3,GRU-SW,70.2838,5.3859,5.1878
Testing,"August 1, 2024 - August 15, 2024",Period_3,Region 3,GRU-PACF,54.878,4.0328,3.9405
Testing,"August 1, 2024 - August 15, 2024",Period_3,Region 3,GRU-PLCMF,62.1952,4.734,4.5804
Testing,"August 1, 2024 - August 15, 2024",Period_3,Region 4,GRU-SW,19.1785,2.2175,2.1872
Testing,"August 1, 2024 - August 15, 2024",Period_3,Region 4,GRU-PACF,22.3972,2.7832,2.7275
Testing,"August 1, 2024 - August 15, 2024",Period_3,Region 4,GRU-PLCMF,18.3215,2.1526,2.1732
Testing,"August 1, 2024 - August 15, 2024",Period_3,Region 5,GRU-SW,39.2235,4.5385,4.1588
Testing,"August 1, 2024 - August 15, 2024",Period_3,Region 5,GRU-PACF,40.8119,4.5376,4.0841
Testing,"August 1, 2024 - August 15, 2024",Period_3,Region 5,GRU-PLCMF,40.4041,4.7716,4.3966
Testing,"August 1, 2024 - August 15, 2024",Period_3,Region 6,GRU-SW,45.3973,3.2682,3.2519
Testing,"August 1, 2024 - August 15, 2024",Period_3,Region 6,GRU-PACF,36.7867,2.8086,2.7826
Testing,"August 1, 2024 - August 15, 2024",Period_3,Region 6,GRU-PLCMF,40.027,3.1501,3.0892
Testing,"January 1, 2025 - January 15, 2025",Period_1,Region 1,GRU-SW,78.3545,7.8609,7.0032
Testing,"January 1, 2025 - January 15, 2025",Period_1,Region 1,GRU-PACF,85.2821,9.4953,8.7303
Testing,"January 1, 2025 - January 15, 2025",Period_1,Region 1,GRU-PLCMF,82.0788,8.0344,7.0672
Testing,"January 1, 2025 - January 15, 2025",Period_1,Region 2,GRU-SW,124.5973,8.0043,7.4375
Testing,"January 1, 2025 - January 15, 2025",Period_1,Region 2,GRU-PACF,117.6918,6.9297,6.5274
Testing,"January 1, 2025 - January 15, 2025",Period_1,Region 2,GRU-PLCMF,111.1228,6.6907,6.2751
Testing,"January 1, 2025 - January 15, 2025",Period_1,Region 3,GRU-SW,91.486,8.2083,8.4823
Testing,"January 1, 2025 - January 15, 2025",Period_1,Region 3,GRU-PACF,85.0892,7.1545,7.1735
Testing,"January 1, 2025 - January 15, 2025",Period_1,Region 3,GRU-PLCMF,71.0268,5.6819,5.6802
Testing,"January 1, 2025 - January 15, 2025",Period_1,Region 4,GRU-SW,20.8481,3.349,3.3409
Testing,"January 1, 2025 - January 15, 2025",Period_1,Region 4,GRU-PACF,24.7982,3.6642,3.7392
Testing,"January 1, 2025 - January 15, 2025",Period_1,Region 4,GRU-PLCMF,24.5327,3.6365,3.7166
Testing,"January 1, 2025 - January 15, 2025",Period_1,Region 5,GRU-SW,57.4912,9.9396,10.2529
Testing,"January 1, 2025 - January 15, 2025",Period_1,Region 5,GRU-PACF,52.4407,8.986,9.1498
Testing,"January 1, 2025 - January 15, 2025",Period_1,Region 5,GRU-PLCMF,52.1008,8.9685,9.1148
Testing,"January 1, 2025 - January 15, 2025",Period_1,Region 6,GRU-SW,75.2911,4.5965,4.2364
Testing,"January 1, 2025 - January 15, 2025",Period_1,Region 6,GRU-PACF,75.228,4.7422,4.4022
Testing,"January 1, 2025 - January 15, 2025",Period_1,Region 6,GRU-PLCMF,70.807,4.713,4.431
Testing,"January 1, 2025 - January 15, 2025",Period_2,Region 1,GRU-SW,96.3059,9.2851,7.942
Testing,"January 1, 2025 - January 15, 2025",Period_2,Region 1,GRU-PACF,96.4314,9.3159,7.9758
Testing,"January 1, 2025 - January 15, 2025",Period_2,Region 1,GRU-PLCMF,93.7597,10.156,9.196
Testing,"January 1, 2025 - January 15, 2025",Period_2,Region 2,GRU-SW,181.9197,8.9337,7.9471
Testing,"January 1, 2025 - January 15, 2025",Period_2,Region 2,GRU-PACF,194.3108,9.314,8.1981
Testing,"January 1, 2025 - January 15, 2025",Period_2,Region 2,GRU-PLCMF,176.1955,8.6025,7.673
Testing,"January 1, 2025 - January 15, 2025",Period_2,Region 3,GRU-SW,107.5065,8.8993,9.0444
Testing,"January 1, 2025 - January 15, 2025",Period_2,Region 3,GRU-PACF,89.1777,6.2955,5.8917
Testing,"January 1, 2025 - January 15, 2025",Period_2,Region 3,GRU-PLCMF,88.4756,6.3568,6.1898
Testing,"January 1, 2025 - January 15, 2025",Period_2,Region 4,GRU-SW,36.5713,4.796,4.5833
Testing,"January 1, 2025 - January 15, 2025",Period_2,Region 4,GRU-PACF,36.2816,4.5622,4.3485
Testing,"January 1, 2025 - January 15, 2025",Period_2,Region 4,GRU-PLCMF,43.9577,5.7398,5.4078
Testing,"January 1, 2025 - January 15, 2025",Period_2,Region 5,GRU-SW,56.1519,9.1858,8.7238
Testing,"January 1, 2025 - January 15, 2025",Period_2,Region 5,GRU-PACF,57.7846,9.8007,9.6132
Testing,"January 1, 2025 - January 15, 2025",Period_2,Region 5,GRU-PLCMF,55.1053,9.4207,9.2038
Testing,"January 1, 2025 - January 15, 2025",Period_2,Region 6,GRU-SW,104.7089,6.0723,5.4989
Testing,"January 1, 2025 - January 15, 2025",Period_2,Region 6,GRU-PACF,110.679,7.7429,7.3122
Testing,"January 1, 2025 - January 15, 2025",Period_2,Region 6,GRU-PLCMF,101.808,5.1457,4.5258
Testing,"January 1, 2025 - January 15, 2025",Period_3,Region 1,GRU-SW,64.1279,7.4516,7.1927
Testing,"January 1, 2025 - January 15, 2025",Period_3,Region 1,GRU-PACF,68.3183,7.8639,7.6101
Testing,"January 1, 2025 - January 15, 2025",Period_3,Region 1,GRU-PLCMF,70.2554,8.5338,8.3792
Testing,"January 1, 2025 - January 15, 2025",Period_3,Region 2,GRU-SW,187.8063,9.9314,8.9982
Testing,"January 1, 2025 - January 15, 2025",Period_3,Region 2,GRU-PACF,171.5463,8.6368,7.8393
Testing,"January 1, 2025 - January 15, 2025",Period_3,Region 2,GRU-PLCMF,189.788,9.701,8.7417
Testing,"January 1, 2025 - January 15, 2025",Period_3,Region 3,GRU-SW,85.1043,5.8585,5.5275
Testing,"January 1, 2025 - January 15, 2025",Period_3,Region 3,GRU-PACF,72.648,4.6821,4.452
Testing,"January 1, 2025 - January 15, 2025",Period_3,Region 3,GRU-PLCMF,96.9999,7.0794,6.6493
Testing,"January 1, 2025 - January 15, 2025",Period_3,Region 4,GRU-SW,50.1932,6.8173,6.4988
Testing,"January 1, 2025 - January 15, 2025",Period_3,Region 4,GRU-PACF,53.0291,7.4006,7.0418
Testing,"January 1, 2025 - January 15, 2025",Period_3,Region 4,GRU-PLCMF,52.1996,7.1665,6.8239
Testing,"January 1, 2025 - January 15, 2025",Period_3,Region 5,GRU-SW,101.6693,16.4942,14.7938
Testing,"January 1, 2025 - January 15, 2025",Period_3,Region 5,GRU-PACF,121.1917,20.1549,17.8379
Testing,"January 1, 2025 - January 15, 2025",Period_3,Region 5,GRU-PLCMF,106.3178,17.1878,15.3394
Testing,"January 1, 2025 - January 15, 2025",Period_3,Region 6,GRU-SW,85.433,4.583,4.2327
Testing,"January 1, 2025 - January 15, 2025",Period_3,Region 6,GRU-PACF,88.5859,4.9412,4.5553
Testing,"January 1, 2025 - January 15, 2025",Period_3,Region 6,GRU-PLCMF,88.4434,4.9193,4.533
Testing,"October 1, 2025 - October 15, 2025",Period_1,Region 1,GRU-SW,135.3206,10.9883,12.118
Testing,"October 1, 2025 - October 15, 2025",Period_1,Region 1,GRU-PACF,135.7983,11.021,12.1667
Testing,"October 1, 2025 - October 15, 2025",Period_1,Region 1,GRU-PLCMF,130.8507,10.5604,11.6153
Testing,"October 1, 2025 - October 15, 2025",Period_1,Region 2,GRU-SW,80.7369,4.9304,4.778
Testing,"October 1, 2025 - October 15, 2025",Period_1,Region 2,GRU-PACF,85.564,5.1916,5.003
Testing,"October 1, 2025 - October 15, 2025",Period_1,Region 2,GRU-PLCMF,85.8926,5.2608,5.0756
Testing,"October 1, 2025 - October 15, 2025",Period_1,Region 3,GRU-SW,50.9341,3.8326,3.9067
Testing,"October 1, 2025 - October 15, 2025",Period_1,Region 3,GRU-PACF,58.1662,3.9645,4.0553
Testing,"October 1, 2025 - October 15, 2025",Period_1,Region 3,GRU-PLCMF,63.1438,4.3666,4.4884
Testing,"October 1, 2025 - October 15, 2025",Period_1,Region 4,GRU-SW,14.3986,2.0711,2.0836
Testing,"October 1, 2025 - October 15, 2025",Period_1,Region 4,GRU-PACF,13.8514,1.8579,1.8427
Testing,"October 1, 2025 - October 15, 2025",Period_1,Region 4,GRU-PLCMF,13.1389,1.8121,1.8069
Testing,"October 1, 2025 - October 15, 2025",Period_1,Region 5,GRU-SW,70.9631,9.7802,9.7834
Testing,"October 1, 2025 - October 15, 2025",Period_1,Region 5,GRU-PACF,68.4866,9.3965,9.2277
Testing,"October 1, 2025 - October 15, 2025",Period_1,Region 5,GRU-PLCMF,70.0218,9.6586,9.6559
Testing,"October 1, 2025 - October 15, 2025",Period_1,Region 6,GRU-SW,27.9245,2.105,2.1097
Testing,"October 1, 2025 - October 15, 2025",Period_1,Region 6,GRU-PACF,27.2239,2.1179,2.1332
Testing,"October 1, 2025 - October 15, 2025",Period_1,Region 6,GRU-PLCMF,29.691,2.3432,2.3669
Testing,"October 1, 2025 - October 15, 2025",Period_2,Region 1,GRU-SW,157.7786,11.8083,13.2194
Testing,"October 1, 2025 - October 15, 2025",Period_2,Region 1,GRU-PACF,154.6373,11.5199,12.8196
Testing,"October 1, 2025 - October 15, 2025",Period_2,Region 1,GRU-PLCMF,163.4071,12.3752,13.8749
Testing,"October 1, 2025 - October 15, 2025",Period_2,Region 2,GRU-SW,103.5668,5.3036,5.1194
Testing,"October 1, 2025 - October 15, 2025",Period_2,Region 2,GRU-PACF,106.3671,5.3374,5.1326
Testing,"October 1, 2025 - October 15, 2025",Period_2,Region 2,GRU-PLCMF,102.646,5.1728,4.9942
Testing,"October 1, 2025 - October 15, 2025",Period_2,Region 3,GRU-SW,64.0105,4.2987,4.422
Testing,"October 1, 2025 - October 15, 2025",Period_2,Region 3,GRU-PACF,70.0293,4.7606,4.9105
Testing,"October 1, 2025 - October 15, 2025",Period_2,Region 3,GRU-PLCMF,66.2612,4.4802,4.6126
Testing,"October 1, 2025 - October 15, 2025",Period_2,Region 4,GRU-SW,24.5019,2.626,2.7018
Testing,"October 1, 2025 - October 15, 2025",Period_2,Region 4,GRU-PACF,28.5582,2.904,3.0101
Testing,"October 1, 2025 - October 15, 2025",Period_2,Region 4,GRU-PLCMF,24.274,2.6483,2.7238
Testing,"October 1, 2025 - October 15, 2025",Period_2,Region 5,GRU-SW,76.584,9.6243,9.5738
Testing,"October 1, 2025 - October 15, 2025",Period_2,Region 5,GRU-PACF,77.2683,9.7115,9.6943
Testing,"October 1, 2025 - October 15, 2025",Period_2,Region 5,GRU-PLCMF,79.9472,9.6039,9.8361
Testing,"October 1, 2025 - October 15, 2025",Period_2,Region 6,GRU-SW,44.8783,3.3022,3.3523
Testing,"October 1, 2025 - October 15, 2025",Period_2,Region 6,GRU-PACF,40.5701,2.8932,2.9241
Testing,"October 1, 2025 - October 15, 2025",Period_2,Region 6,GRU-PLCMF,42.7648,3.1462,3.1892
Testing,"October 1, 2025 - October 15, 2025",Period_3,Region 1,GRU-SW,141.5707,11.7631,13.1163
Testing,"October 1, 2025 - October 15, 2025",Period_3,Region 1,GRU-PACF,163.6603,15.0084,16.8998
Testing,"October 1, 2025 - October 15, 2025",Period_3,Region 1,GRU-PLCMF,151.5055,12.5792,14.1431
Testing,"October 1, 2025 - October 15, 2025",Period_3,Region 2,GRU-SW,151.0701,7.6972,7.9999
Testing,"October 1, 2025 - October 15, 2025",Period_3,Region 2,GRU-PACF,156.3858,7.8465,8.2458
Testing,"October 1, 2025 - October 15, 2025",Period_3,Region 2,GRU-PLCMF,88.2128,4.6335,4.5756
Testing,"October 1, 2025 - October 15, 2025",Period_3,Region 3,GRU-SW,163.1304,11.8768,12.7055
Testing,"October 1, 2025 - October 15, 2025",Period_3,Region 3,GRU-PACF,160.7853,11.9573,12.7736
Testing,"October 1, 2025 - October 15, 2025",Period_3,Region 3,GRU-PLCMF,89.8965,6.6754,6.935
Testing,"October 1, 2025 - October 15, 2025",Period_3,Region 4,GRU-SW,55.7519,7.7468,8.0922
Testing,"October 1, 2025 - October 15, 2025",Period_3,Region 4,GRU-PACF,40.3353,5.4489,5.625
Testing,"October 1, 2025 - October 15, 2025",Period_3,Region 4,GRU-PLCMF,16.4593,1.8528,1.8574
Testing,"October 1, 2025 - October 15, 2025",Period_3,Region 5,GRU-SW,171.1557,21.7215,24.6475
Testing,"October 1, 2025 - October 15, 2025",Period_3,Region 5,GRU-PACF,166.1825,20.8743,23.6175
Testing,"October 1, 2025 - October 15, 2025",Period_3,Region 5,GRU-PLCMF,80.1342,9.5692,9.9237
Testing,"October 1, 2025 - October 15, 2025",Period_3,Region 6,GRU-SW,77.1396,6.0014,6.211
Testing,"October 1, 2025 - October 15, 2025",Period_3,Region 6,GRU-PACF,97.3723,7.8698,8.2154
Testing,"October 1, 2025 - October 15, 2025",Period_3,Region 6,GRU-PLCMF,45.7412,3.3693,3.4424