"Periode","Lag","Effect","Cause","PLCMF_Value","PVal_Raw","PVal_BH_Adj","Sig_Raw","Sig_BH"
"PERIOD_3",1,"region_1","region_2",0.426964,0,0,TRUE,TRUE
"PERIOD_3",1,"region_1","region_3",-0.236055,0,0,TRUE,TRUE
"PERIOD_3",1,"region_1","region_4",-0.097103,0,0,TRUE,TRUE
"PERIOD_3",1,"region_1","region_5",-0.019773,0.012208,0.01571,TRUE,TRUE
"PERIOD_3",1,"region_1","region_6",-0.259341,0,0,TRUE,TRUE
"PERIOD_3",1,"region_2","region_1",0.202603,0,0,TRUE,TRUE
"PERIOD_3",1,"region_2","region_3",0.246026,0,0,TRUE,TRUE
"PERIOD_3",1,"region_2","region_4",-0.217084,0,0,TRUE,TRUE
"PERIOD_3",1,"region_2","region_5",0.013389,0.08971,0.106061,FALSE,FALSE
"PERIOD_3",1,"region_2","region_6",0.203455,0,0,TRUE,TRUE
"PERIOD_3",1,"region_3","region_1",0.255387,0,0,TRUE,TRUE
"PERIOD_3",1,"region_3","region_2",-0.353518,0,0,TRUE,TRUE
"PERIOD_3",1,"region_3","region_4",-0.305914,0,0,TRUE,TRUE
"PERIOD_3",1,"region_3","region_5",0.016292,0.038932,0.047551,TRUE,TRUE
"PERIOD_3",1,"region_3","region_6",0.147003,0,0,TRUE,TRUE
"PERIOD_3",1,"region_4","region_1",0.026665,0.000726,0.001004,TRUE,TRUE
"PERIOD_3",1,"region_4","region_2",-0.456277,0,0,TRUE,TRUE
"PERIOD_3",1,"region_4","region_3",0.542749,0,0,TRUE,TRUE
"PERIOD_3",1,"region_4","region_5",-0.005716,0.468764,0.500015,FALSE,FALSE
"PERIOD_3",1,"region_4","region_6",0.65251,0,0,TRUE,TRUE
"PERIOD_3",1,"region_5","region_1",0.074515,0,0,TRUE,TRUE
"PERIOD_3",1,"region_5","region_2",-0.193482,0,0,TRUE,TRUE
"PERIOD_3",1,"region_5","region_3",0.280818,0,0,TRUE,TRUE
"PERIOD_3",1,"region_5","region_4",-0.314194,0,0,TRUE,TRUE
"PERIOD_3",1,"region_5","region_6",0.204338,0,0,TRUE,TRUE
"PERIOD_3",1,"region_6","region_1",0.235961,0,0,TRUE,TRUE
"PERIOD_3",1,"region_6","region_2",-0.304629,0,0,TRUE,TRUE
"PERIOD_3",1,"region_6","region_3",0.288962,0,0,TRUE,TRUE
"PERIOD_3",1,"region_6","region_4",-0.342299,0,0,TRUE,TRUE
"PERIOD_3",1,"region_6","region_5",0.005474,0.48783,0.519199,FALSE,FALSE
"PERIOD_3",2,"region_1","region_2",0.071783,0,0,TRUE,TRUE
"PERIOD_3",2,"region_1","region_3",0.024092,0.002262,0.003075,TRUE,TRUE
"PERIOD_3",2,"region_1","region_4",0.166789,0,0,TRUE,TRUE
"PERIOD_3",2,"region_1","region_5",-0.002396,0.761368,0.78089,FALSE,FALSE
"PERIOD_3",2,"region_1","region_6",0.081217,0,0,TRUE,TRUE
"PERIOD_3",2,"region_2","region_1",0.128619,0,0,TRUE,TRUE
"PERIOD_3",2,"region_2","region_3",0.077336,0,0,TRUE,TRUE
"PERIOD_3",2,"region_2","region_4",-0.273463,0,0,TRUE,TRUE
"PERIOD_3",2,"region_2","region_5",-0.054289,0,0,TRUE,TRUE
"PERIOD_3",2,"region_2","region_6",-0.086581,0,0,TRUE,TRUE
"PERIOD_3",2,"region_3","region_1",0.121968,0,0,TRUE,TRUE
"PERIOD_3",2,"region_3","region_2",0.059338,0,0,TRUE,TRUE
"PERIOD_3",2,"region_3","region_4",-0.33817,0,0,TRUE,TRUE
"PERIOD_3",2,"region_3","region_5",-0.077709,0,0,TRUE,TRUE
"PERIOD_3",2,"region_3","region_6",-0.051667,0,0,TRUE,TRUE
"PERIOD_3",2,"region_4","region_1",0.205103,0,0,TRUE,TRUE
"PERIOD_3",2,"region_4","region_2",0.213692,0,0,TRUE,TRUE
"PERIOD_3",2,"region_4","region_3",0.061618,0,0,TRUE,TRUE
"PERIOD_3",2,"region_4","region_5",-0.044284,0,0,TRUE,TRUE
"PERIOD_3",2,"region_4","region_6",-0.248502,0,0,TRUE,TRUE
"PERIOD_3",2,"region_5","region_1",0.050903,0,0,TRUE,TRUE
"PERIOD_3",2,"region_5","region_2",0.062736,0,0,TRUE,TRUE
"PERIOD_3",2,"region_5","region_3",-0.049374,0,0,TRUE,TRUE
"PERIOD_3",2,"region_5","region_4",-0.310446,0,0,TRUE,TRUE
"PERIOD_3",2,"region_5","region_6",-0.030204,0.000129,0.00019,TRUE,TRUE
"PERIOD_3",2,"region_6","region_1",0.142268,0,0,TRUE,TRUE
"PERIOD_3",2,"region_6","region_2",0.041716,0,0,TRUE,TRUE
"PERIOD_3",2,"region_6","region_3",0.002378,0.763117,0.781016,FALSE,FALSE
"PERIOD_3",2,"region_6","region_4",-0.245679,0,0,TRUE,TRUE
"PERIOD_3",2,"region_6","region_5",-0.048321,0,0,TRUE,TRUE
"PERIOD_3",3,"region_1","region_2",-0.009643,0.221618,0.249125,FALSE,FALSE
"PERIOD_3",3,"region_1","region_3",0.022922,0.00367,0.004893,TRUE,TRUE
"PERIOD_3",3,"region_1","region_4",0.113031,0,0,TRUE,TRUE
"PERIOD_3",3,"region_1","region_5",0.022047,0.005202,0.00686,TRUE,TRUE
"PERIOD_3",3,"region_1","region_6",-0.002571,0.744484,0.765208,FALSE,FALSE
"PERIOD_3",3,"region_2","region_1",0.207425,0,0,TRUE,TRUE
"PERIOD_3",3,"region_2","region_3",-0.01783,0.023828,0.02986,TRUE,TRUE
"PERIOD_3",3,"region_2","region_4",0.052706,0,0,TRUE,TRUE
"PERIOD_3",3,"region_2","region_5",0.042508,0,0,TRUE,TRUE
"PERIOD_3",3,"region_2","region_6",-0.29637,0,0,TRUE,TRUE
"PERIOD_3",3,"region_3","region_1",0.200992,0,0,TRUE,TRUE
"PERIOD_3",3,"region_3","region_2",0.003333,0.672703,0.698912,FALSE,FALSE
"PERIOD_3",3,"region_3","region_4",0.052817,0,0,TRUE,TRUE
"PERIOD_3",3,"region_3","region_5",0.037518,2e-06,3e-06,TRUE,TRUE
"PERIOD_3",3,"region_3","region_6",-0.246333,0,0,TRUE,TRUE
"PERIOD_3",3,"region_4","region_1",0.250656,0,0,TRUE,TRUE
"PERIOD_3",3,"region_4","region_2",0.161819,0,0,TRUE,TRUE
"PERIOD_3",3,"region_4","region_3",-0.276616,0,0,TRUE,TRUE
"PERIOD_3",3,"region_4","region_5",0.033197,2.6e-05,3.9e-05,TRUE,TRUE
"PERIOD_3",3,"region_4","region_6",-0.614558,0,0,TRUE,TRUE
"PERIOD_3",3,"region_5","region_1",0.117622,0,0,TRUE,TRUE
"PERIOD_3",3,"region_5","region_2",0.044074,0,0,TRUE,TRUE
"PERIOD_3",3,"region_5","region_3",-0.104268,0,0,TRUE,TRUE
"PERIOD_3",3,"region_5","region_4",0.073379,0,0,TRUE,TRUE
"PERIOD_3",3,"region_5","region_6",-0.225846,0,0,TRUE,TRUE
"PERIOD_3",3,"region_6","region_1",0.215665,0,0,TRUE,TRUE
"PERIOD_3",3,"region_6","region_2",-0.013087,0.097179,0.114328,FALSE,FALSE
"PERIOD_3",3,"region_6","region_3",-0.021123,0.007424,0.009763,TRUE,TRUE
"PERIOD_3",3,"region_6","region_4",0.044486,0,0,TRUE,TRUE
"PERIOD_3",3,"region_6","region_5",0.050716,0,0,TRUE,TRUE
"PERIOD_3",4,"region_1","region_2",-0.017741,0.02454,0.030516,TRUE,TRUE
"PERIOD_3",4,"region_1","region_3",0.049951,0,0,TRUE,TRUE
"PERIOD_3",4,"region_1","region_4",0.037236,2e-06,4e-06,TRUE,TRUE
"PERIOD_3",4,"region_1","region_5",0.005364,0.496597,0.527359,FALSE,FALSE
"PERIOD_3",4,"region_1","region_6",0.073096,0,0,TRUE,TRUE
"PERIOD_3",4,"region_2","region_1",0.223032,0,0,TRUE,TRUE
"PERIOD_3",4,"region_2","region_3",0.087869,0,0,TRUE,TRUE
"PERIOD_3",4,"region_2","region_4",0.057094,0,0,TRUE,TRUE
"PERIOD_3",4,"region_2","region_5",0.04601,0,0,TRUE,TRUE
"PERIOD_3",4,"region_2","region_6",-0.235595,0,0,TRUE,TRUE
"PERIOD_3",4,"region_3","region_1",0.249908,0,0,TRUE,TRUE
"PERIOD_3",4,"region_3","region_2",-0.018829,0.017012,0.021603,TRUE,TRUE
"PERIOD_3",4,"region_3","region_4",0.069003,0,0,TRUE,TRUE
"PERIOD_3",4,"region_3","region_5",0.05078,0,0,TRUE,TRUE
"PERIOD_3",4,"region_3","region_6",-0.239302,0,0,TRUE,TRUE
"PERIOD_3",4,"region_4","region_1",0.208128,0,0,TRUE,TRUE
"PERIOD_3",4,"region_4","region_2",-0.034369,1.3e-05,2.1e-05,TRUE,TRUE
"PERIOD_3",4,"region_4","region_3",-0.011802,0.134696,0.157309,FALSE,FALSE
"PERIOD_3",4,"region_4","region_5",0.014683,0.062742,0.075668,FALSE,FALSE
"PERIOD_3",4,"region_4","region_6",-0.305328,0,0,TRUE,TRUE
"PERIOD_3",4,"region_5","region_1",0.111683,0,0,TRUE,TRUE
"PERIOD_3",4,"region_5","region_2",-0.011516,0.144412,0.167434,FALSE,FALSE
"PERIOD_3",4,"region_5","region_3",0.007626,0.333791,0.361669,FALSE,FALSE
"PERIOD_3",4,"region_5","region_4",0.050784,0,0,TRUE,TRUE
"PERIOD_3",4,"region_5","region_6",-0.133391,0,0,TRUE,TRUE
"PERIOD_3",4,"region_6","region_1",0.260575,0,0,TRUE,TRUE
"PERIOD_3",4,"region_6","region_2",-0.031864,5.4e-05,8.1e-05,TRUE,TRUE
"PERIOD_3",4,"region_6","region_3",0.08965,0,0,TRUE,TRUE
"PERIOD_3",4,"region_6","region_4",0.043767,0,0,TRUE,TRUE
"PERIOD_3",4,"region_6","region_5",0.04268,0,0,TRUE,TRUE
"PERIOD_3",5,"region_1","region_2",0.01365,0.083625,0.099356,FALSE,FALSE
"PERIOD_3",5,"region_1","region_3",0.039159,1e-06,1e-06,TRUE,TRUE
"PERIOD_3",5,"region_1","region_4",0.018128,0.021581,0.027189,TRUE,TRUE
"PERIOD_3",5,"region_1","region_5",0.009835,0.212594,0.239542,FALSE,FALSE
"PERIOD_3",5,"region_1","region_6",-0.008621,0.27456,0.302268,FALSE,FALSE
"PERIOD_3",5,"region_2","region_1",-0.181247,0,0,TRUE,TRUE
"PERIOD_3",5,"region_2","region_3",-0.106944,0,0,TRUE,TRUE
"PERIOD_3",5,"region_2","region_4",-0.007471,0.343669,0.370699,FALSE,FALSE
"PERIOD_3",5,"region_2","region_5",-0.05819,0,0,TRUE,TRUE
"PERIOD_3",5,"region_2","region_6",0.061325,0,0,TRUE,TRUE
"PERIOD_3",5,"region_3","region_1",-0.266109,0,0,TRUE,TRUE
"PERIOD_3",5,"region_3","region_2",0.222895,0,0,TRUE,TRUE
"PERIOD_3",5,"region_3","region_4",0.007897,0.316851,0.344872,FALSE,FALSE
"PERIOD_3",5,"region_3","region_5",-0.068243,0,0,TRUE,TRUE
"PERIOD_3",5,"region_3","region_6",0.129711,0,0,TRUE,TRUE
"PERIOD_3",5,"region_4","region_1",-0.029431,0.000191,0.000278,TRUE,TRUE
"PERIOD_3",5,"region_4","region_2",0.027259,0.000551,0.000768,TRUE,TRUE
"PERIOD_3",5,"region_4","region_3",-0.035445,7e-06,1.1e-05,TRUE,TRUE
"PERIOD_3",5,"region_4","region_5",-0.005759,0.465426,0.49756,FALSE,FALSE
"PERIOD_3",5,"region_4","region_6",0.045744,0,0,TRUE,TRUE
"PERIOD_3",5,"region_5","region_1",-0.064953,0,0,TRUE,TRUE
"PERIOD_3",5,"region_5","region_2",0.061387,0,0,TRUE,TRUE
"PERIOD_3",5,"region_5","region_3",-0.050068,0,0,TRUE,TRUE
"PERIOD_3",5,"region_5","region_4",-0.019177,0.015076,0.019298,TRUE,TRUE
"PERIOD_3",5,"region_5","region_6",0.034345,1.3e-05,2.1e-05,TRUE,TRUE
"PERIOD_3",5,"region_6","region_1",-0.240621,0,0,TRUE,TRUE
"PERIOD_3",5,"region_6","region_2",0.211692,0,0,TRUE,TRUE
"PERIOD_3",5,"region_6","region_3",-0.161908,0,0,TRUE,TRUE
"PERIOD_3",5,"region_6","region_4",-0.028735,0.000271,0.000388,TRUE,TRUE
"PERIOD_3",5,"region_6","region_5",-0.074998,0,0,TRUE,TRUE
"PERIOD_3",6,"region_1","region_2",0.032936,3e-05,4.5e-05,TRUE,TRUE
"PERIOD_3",6,"region_1","region_3",0.017155,0.029687,0.036726,TRUE,TRUE
"PERIOD_3",6,"region_1","region_4",0.073783,0,0,TRUE,TRUE
"PERIOD_3",6,"region_1","region_5",0.000218,0.977985,0.977985,FALSE,FALSE
"PERIOD_3",6,"region_1","region_6",-0.01904,0.015815,0.020189,TRUE,TRUE
"PERIOD_3",6,"region_2","region_1",0.010332,0.190375,0.21654,FALSE,FALSE
"PERIOD_3",6,"region_2","region_3",-0.070027,0,0,TRUE,TRUE
"PERIOD_3",6,"region_2","region_4",-0.069911,0,0,TRUE,TRUE
"PERIOD_3",6,"region_2","region_5",-0.062751,0,0,TRUE,TRUE
"PERIOD_3",6,"region_2","region_6",0.023333,0.003104,0.004173,TRUE,TRUE
"PERIOD_3",6,"region_3","region_1",-0.04815,0,0,TRUE,TRUE
"PERIOD_3",6,"region_3","region_2",0.170436,0,0,TRUE,TRUE
"PERIOD_3",6,"region_3","region_4",-0.053923,0,0,TRUE,TRUE
"PERIOD_3",6,"region_3","region_5",-0.0723,0,0,TRUE,TRUE
"PERIOD_3",6,"region_3","region_6",0.067829,0,0,TRUE,TRUE
"PERIOD_3",6,"region_4","region_1",0.039947,0,1e-06,TRUE,TRUE
"PERIOD_3",6,"region_4","region_2",0.040065,0,1e-06,TRUE,TRUE
"PERIOD_3",6,"region_4","region_3",-0.005021,0.524509,0.555738,FALSE,FALSE
"PERIOD_3",6,"region_4","region_5",-0.027844,0.000417,0.00059,TRUE,TRUE
"PERIOD_3",6,"region_4","region_6",0.077068,0,0,TRUE,TRUE
"PERIOD_3",6,"region_5","region_1",0.013295,0.091971,0.108467,FALSE,FALSE
"PERIOD_3",6,"region_5","region_2",0.054268,0,0,TRUE,TRUE
"PERIOD_3",6,"region_5","region_3",-0.017816,0.023938,0.02986,TRUE,TRUE
"PERIOD_3",6,"region_5","region_4",-0.053943,0,0,TRUE,TRUE
"PERIOD_3",6,"region_5","region_6",0.00171,0.828392,0.840652,FALSE,FALSE
"PERIOD_3",6,"region_6","region_1",-0.035194,8e-06,1.3e-05,TRUE,TRUE
"PERIOD_3",6,"region_6","region_2",0.151302,0,0,TRUE,TRUE
"PERIOD_3",6,"region_6","region_3",-0.093069,0,0,TRUE,TRUE
"PERIOD_3",6,"region_6","region_4",-0.073362,0,0,TRUE,TRUE
"PERIOD_3",6,"region_6","region_5",-0.064732,0,0,TRUE,TRUE
"PERIOD_3",7,"region_1","region_2",0.00886,0.26144,0.28915,FALSE,FALSE
"PERIOD_3",7,"region_1","region_3",0.077461,0,0,TRUE,TRUE
"PERIOD_3",7,"region_1","region_4",0.043885,0,0,TRUE,TRUE
"PERIOD_3",7,"region_1","region_5",0.017815,0.023951,0.02986,TRUE,TRUE
"PERIOD_3",7,"region_1","region_6",-0.061642,0,0,TRUE,TRUE
"PERIOD_3",7,"region_2","region_1",-0.117375,0,0,TRUE,TRUE
"PERIOD_3",7,"region_2","region_3",-0.042958,0,0,TRUE,TRUE
"PERIOD_3",7,"region_2","region_4",-0.095411,0,0,TRUE,TRUE
"PERIOD_3",7,"region_2","region_5",-0.011357,0.150041,0.173124,FALSE,FALSE
"PERIOD_3",7,"region_2","region_6",0.03804,1e-06,2e-06,TRUE,TRUE
"PERIOD_3",7,"region_3","region_1",-0.180306,0,0,TRUE,TRUE
"PERIOD_3",7,"region_3","region_2",0.094145,0,0,TRUE,TRUE
"PERIOD_3",7,"region_3","region_4",-0.06743,0,0,TRUE,TRUE
"PERIOD_3",7,"region_3","region_5",0.000796,0.919644,0.927372,FALSE,FALSE
"PERIOD_3",7,"region_3","region_6",0.098483,0,0,TRUE,TRUE
"PERIOD_3",7,"region_4","region_1",-0.148763,0,0,TRUE,TRUE
"PERIOD_3",7,"region_4","region_2",0.113647,0,0,TRUE,TRUE
"PERIOD_3",7,"region_4","region_3",-0.075613,0,0,TRUE,TRUE
"PERIOD_3",7,"region_4","region_5",-0.008225,0.29718,0.324196,FALSE,FALSE
"PERIOD_3",7,"region_4","region_6",0.048849,0,0,TRUE,TRUE
"PERIOD_3",7,"region_5","region_1",-0.107591,0,0,TRUE,TRUE
"PERIOD_3",7,"region_5","region_2",0.054776,0,0,TRUE,TRUE
"PERIOD_3",7,"region_5","region_3",-0.002172,0.783053,0.798702,FALSE,FALSE
"PERIOD_3",7,"region_5","region_4",-0.041275,0,0,TRUE,TRUE
"PERIOD_3",7,"region_5","region_6",0.002117,0.788422,0.801785,FALSE,FALSE
"PERIOD_3",7,"region_6","region_1",-0.172763,0,0,TRUE,TRUE
"PERIOD_3",7,"region_6","region_2",0.097768,0,0,TRUE,TRUE
"PERIOD_3",7,"region_6","region_3",-0.043115,0,0,TRUE,TRUE
"PERIOD_3",7,"region_6","region_4",-0.084961,0,0,TRUE,TRUE
"PERIOD_3",7,"region_6","region_5",-0.003128,0.691782,0.714097,FALSE,FALSE
"PERIOD_3",8,"region_1","region_2",-0.060773,0,0,TRUE,TRUE
"PERIOD_3",8,"region_1","region_3",0.054107,0,0,TRUE,TRUE
"PERIOD_3",8,"region_1","region_4",0.080864,0,0,TRUE,TRUE
"PERIOD_3",8,"region_1","region_5",0.000863,0.912854,0.922463,FALSE,FALSE
"PERIOD_3",8,"region_1","region_6",-0.020149,0.010656,0.013899,TRUE,TRUE
"PERIOD_3",8,"region_2","region_1",-0.037553,2e-06,3e-06,TRUE,TRUE
"PERIOD_3",8,"region_2","region_3",-0.010763,0.172523,0.197169,FALSE,FALSE
"PERIOD_3",8,"region_2","region_4",-0.046005,0,0,TRUE,TRUE
"PERIOD_3",8,"region_2","region_5",0.016592,0.035472,0.043658,TRUE,TRUE
"PERIOD_3",8,"region_2","region_6",0.015281,0.052768,0.063961,FALSE,FALSE
"PERIOD_3",8,"region_3","region_1",-0.069483,0,0,TRUE,TRUE
"PERIOD_3",8,"region_3","region_2",-0.009854,0.211668,0.23906,FALSE,FALSE
"PERIOD_3",8,"region_3","region_4",0.029051,0.000231,0.000333,TRUE,TRUE
"PERIOD_3",8,"region_3","region_5",0.025637,0.001157,0.001596,TRUE,TRUE
"PERIOD_3",8,"region_3","region_6",0.042956,0,0,TRUE,TRUE
"PERIOD_3",8,"region_4","region_1",-0.086328,0,0,TRUE,TRUE
"PERIOD_3",8,"region_4","region_2",0.069821,0,0,TRUE,TRUE
"PERIOD_3",8,"region_4","region_3",-0.022732,0.003962,0.005254,TRUE,TRUE
"PERIOD_3",8,"region_4","region_5",-0.003554,0.652354,0.67924,FALSE,FALSE
"PERIOD_3",8,"region_4","region_6",0.023732,0.002631,0.003568,TRUE,TRUE
"PERIOD_3",8,"region_5","region_1",-0.02297,0.003599,0.004813,TRUE,TRUE
"PERIOD_3",8,"region_5","region_2",0.009558,0.225733,0.252568,FALSE,FALSE
"PERIOD_3",8,"region_5","region_3",0.013911,0.077875,0.092754,FALSE,FALSE
"PERIOD_3",8,"region_5","region_4",0.007562,0.337815,0.365205,FALSE,FALSE
"PERIOD_3",8,"region_5","region_6",-0.017823,0.023885,0.02986,TRUE,TRUE
"PERIOD_3",8,"region_6","region_1",-0.063369,0,0,TRUE,TRUE
"PERIOD_3",8,"region_6","region_2",-0.015316,0.05223,0.06347,FALSE,FALSE
"PERIOD_3",8,"region_6","region_3",0.002913,0.71201,0.733401,FALSE,FALSE
"PERIOD_3",8,"region_6","region_4",0.008517,0.280385,0.307271,FALSE,FALSE
"PERIOD_3",8,"region_6","region_5",0.030225,0.000128,0.000188,TRUE,TRUE
"PERIOD_3",9,"region_1","region_2",-0.048949,0,0,TRUE,TRUE
"PERIOD_3",9,"region_1","region_3",0.083129,0,0,TRUE,TRUE
"PERIOD_3",9,"region_1","region_4",0.026699,0.000714,0.000991,TRUE,TRUE
"PERIOD_3",9,"region_1","region_5",0.018298,0.020386,0.02575,TRUE,TRUE
"PERIOD_3",9,"region_1","region_6",-0.104338,0,0,TRUE,TRUE
"PERIOD_3",9,"region_2","region_1",-0.069707,0,0,TRUE,TRUE
"PERIOD_3",9,"region_2","region_3",-0.019984,0.011316,0.01464,TRUE,TRUE
"PERIOD_3",9,"region_2","region_4",0.046962,0,0,TRUE,TRUE
"PERIOD_3",9,"region_2","region_5",0.030424,0.000115,0.00017,TRUE,TRUE
"PERIOD_3",9,"region_2","region_6",-0.027956,0.000395,0.000561,TRUE,TRUE
"PERIOD_3",9,"region_3","region_1",-0.07435,0,0,TRUE,TRUE
"PERIOD_3",9,"region_3","region_2",-0.041325,0,0,TRUE,TRUE
"PERIOD_3",9,"region_3","region_4",0.109676,0,0,TRUE,TRUE
"PERIOD_3",9,"region_3","region_5",0.029419,0.000192,0.000278,TRUE,TRUE
"PERIOD_3",9,"region_3","region_6",-0.003227,0.682518,0.707579,FALSE,FALSE
"PERIOD_3",9,"region_4","region_1",-0.071837,0,0,TRUE,TRUE
"PERIOD_3",9,"region_4","region_2",0.010266,0.193227,0.219264,FALSE,FALSE
"PERIOD_3",9,"region_4","region_3",-0.032233,4.4e-05,6.7e-05,TRUE,TRUE
"PERIOD_3",9,"region_4","region_5",0.018915,0.016516,0.021029,TRUE,TRUE
"PERIOD_3",9,"region_4","region_6",0.031163,7.8e-05,0.000117,TRUE,TRUE
"PERIOD_3",9,"region_5","region_1",0.003153,0.689476,0.713251,FALSE,FALSE
"PERIOD_3",9,"region_5","region_2",-0.016572,0.035699,0.043825,TRUE,TRUE
"PERIOD_3",9,"region_5","region_3",0.011545,0.143393,0.167059,FALSE,FALSE
"PERIOD_3",9,"region_5","region_4",0.051363,0,0,TRUE,TRUE
"PERIOD_3",9,"region_5","region_6",-0.049231,0,0,TRUE,TRUE
"PERIOD_3",9,"region_6","region_1",-0.082641,0,0,TRUE,TRUE
"PERIOD_3",9,"region_6","region_2",-0.051457,0,0,TRUE,TRUE
"PERIOD_3",9,"region_6","region_3",-0.01566,0.047168,0.057463,TRUE,FALSE
"PERIOD_3",9,"region_6","region_4",0.10288,0,0,TRUE,TRUE
"PERIOD_3",9,"region_6","region_5",0.03385,1.8e-05,2.8e-05,TRUE,TRUE
"PERIOD_3",10,"region_1","region_2",-0.044986,0,0,TRUE,TRUE
"PERIOD_3",10,"region_1","region_3",-0.072647,0,0,TRUE,TRUE
"PERIOD_3",10,"region_1","region_4",-0.027447,0.000504,0.000707,TRUE,TRUE
"PERIOD_3",10,"region_1","region_5",-0.03052,0.00011,0.000162,TRUE,TRUE
"PERIOD_3",10,"region_1","region_6",0.057789,0,0,TRUE,TRUE
"PERIOD_3",10,"region_2","region_1",-0.047907,0,0,TRUE,TRUE
"PERIOD_3",10,"region_2","region_3",-0.012999,0.099442,0.116704,FALSE,FALSE
"PERIOD_3",10,"region_2","region_4",0.115318,0,0,TRUE,TRUE
"PERIOD_3",10,"region_2","region_5",0.035784,6e-06,9e-06,TRUE,TRUE
"PERIOD_3",10,"region_2","region_6",-0.072915,0,0,TRUE,TRUE
"PERIOD_3",10,"region_3","region_1",-0.046804,0,0,TRUE,TRUE
"PERIOD_3",10,"region_3","region_2",-0.030191,0.00013,0.00019,TRUE,TRUE
"PERIOD_3",10,"region_3","region_4",0.139505,0,0,TRUE,TRUE
"PERIOD_3",10,"region_3","region_5",0.024733,0.00172,0.002352,TRUE,TRUE
"PERIOD_3",10,"region_3","region_6",-0.035537,7e-06,1.1e-05,TRUE,TRUE
"PERIOD_3",10,"region_4","region_1",0.003831,0.627316,0.656017,FALSE,FALSE
"PERIOD_3",10,"region_4","region_2",-0.031589,6.2e-05,9.4e-05,TRUE,TRUE
"PERIOD_3",10,"region_4","region_3",0.02527,0.001361,0.001872,TRUE,TRUE
"PERIOD_3",10,"region_4","region_5",0.030597,0.000105,0.000157,TRUE,TRUE
"PERIOD_3",10,"region_4","region_6",-0.04479,0,0,TRUE,TRUE
"PERIOD_3",10,"region_5","region_1",0.018758,0.017431,0.022076,TRUE,TRUE
"PERIOD_3",10,"region_5","region_2",-0.00782,0.321615,0.349265,FALSE,FALSE
"PERIOD_3",10,"region_5","region_3",-0.019887,0.011719,0.015121,TRUE,TRUE
"PERIOD_3",10,"region_5","region_4",0.049768,0,0,TRUE,TRUE
"PERIOD_3",10,"region_5","region_6",-0.039955,0,1e-06,TRUE,TRUE
"PERIOD_3",10,"region_6","region_1",-0.057249,0,0,TRUE,TRUE
"PERIOD_3",10,"region_6","region_2",-0.038275,1e-06,2e-06,TRUE,TRUE
"PERIOD_3",10,"region_6","region_3",-0.009443,0.231353,0.257655,FALSE,FALSE
"PERIOD_3",10,"region_6","region_4",0.154095,0,0,TRUE,TRUE
"PERIOD_3",10,"region_6","region_5",0.031536,6.4e-05,9.6e-05,TRUE,TRUE
"PERIOD_3",11,"region_1","region_2",-0.061634,0,0,TRUE,TRUE
"PERIOD_3",11,"region_1","region_3",0.023721,0.002643,0.003574,TRUE,TRUE
"PERIOD_3",11,"region_1","region_4",-0.138425,0,0,TRUE,TRUE
"PERIOD_3",11,"region_1","region_5",-0.011276,0.152964,0.176073,FALSE,FALSE
"PERIOD_3",11,"region_1","region_6",-0.005008,0.525636,0.555738,FALSE,FALSE
"PERIOD_3",11,"region_2","region_1",-0.126961,0,0,TRUE,TRUE
"PERIOD_3",11,"region_2","region_3",0.058196,0,0,TRUE,TRUE
"PERIOD_3",11,"region_2","region_4",0.094836,0,0,TRUE,TRUE
"PERIOD_3",11,"region_2","region_5",0.039154,1e-06,1e-06,TRUE,TRUE
"PERIOD_3",11,"region_2","region_6",-0.033764,1.9e-05,2.9e-05,TRUE,TRUE
"PERIOD_3",11,"region_3","region_1",-0.155171,0,0,TRUE,TRUE
"PERIOD_3",11,"region_3","region_2",-0.011829,0.1338,0.156644,FALSE,FALSE
"PERIOD_3",11,"region_3","region_4",0.050736,0,0,TRUE,TRUE
"PERIOD_3",11,"region_3","region_5",0.047768,0,0,TRUE,TRUE
"PERIOD_3",11,"region_3","region_6",0.00998,0.205925,0.233123,FALSE,FALSE
"PERIOD_3",11,"region_4","region_1",-0.060917,0,0,TRUE,TRUE
"PERIOD_3",11,"region_4","region_2",-0.027611,0.000466,0.000658,TRUE,TRUE
"PERIOD_3",11,"region_4","region_3",0.017605,0.025662,0.031828,TRUE,TRUE
"PERIOD_3",11,"region_4","region_5",0.023627,0.002749,0.003706,TRUE,TRUE
"PERIOD_3",11,"region_4","region_6",0.010672,0.176165,0.200853,FALSE,FALSE
"PERIOD_3",11,"region_5","region_1",-0.056916,0,0,TRUE,TRUE
"PERIOD_3",11,"region_5","region_2",-0.061661,0,0,TRUE,TRUE
"PERIOD_3",11,"region_5","region_3",0.027224,0.00056,0.000779,TRUE,TRUE
"PERIOD_3",11,"region_5","region_4",-0.013543,0.086077,0.102017,FALSE,FALSE
"PERIOD_3",11,"region_5","region_6",0.036402,4e-06,6e-06,TRUE,TRUE
"PERIOD_3",11,"region_6","region_1",-0.155042,0,0,TRUE,TRUE
"PERIOD_3",11,"region_6","region_2",-0.027483,0.000495,0.000697,TRUE,TRUE
"PERIOD_3",11,"region_6","region_3",0.079417,0,0,TRUE,TRUE
"PERIOD_3",11,"region_6","region_4",0.090656,0,0,TRUE,TRUE
"PERIOD_3",11,"region_6","region_5",0.050427,0,0,TRUE,TRUE
"PERIOD_3",12,"region_1","region_2",-0.053729,0,0,TRUE,TRUE
"PERIOD_3",12,"region_1","region_3",0.070504,0,0,TRUE,TRUE
"PERIOD_3",12,"region_1","region_4",0.055765,0,0,TRUE,TRUE
"PERIOD_3",12,"region_1","region_5",0.014178,0.072345,0.086383,FALSE,FALSE
"PERIOD_3",12,"region_1","region_6",0.061782,0,0,TRUE,TRUE
"PERIOD_3",12,"region_2","region_1",-0.114301,0,0,TRUE,TRUE
"PERIOD_3",12,"region_2","region_3",0.053113,0,0,TRUE,TRUE
"PERIOD_3",12,"region_2","region_4",0.163382,0,0,TRUE,TRUE
"PERIOD_3",12,"region_2","region_5",0.028321,0.000331,0.000473,TRUE,TRUE
"PERIOD_3",12,"region_2","region_6",0.028909,0.000248,0.000357,TRUE,TRUE
"PERIOD_3",12,"region_3","region_1",-0.159142,0,0,TRUE,TRUE
"PERIOD_3",12,"region_3","region_2",-0.048713,0,0,TRUE,TRUE
"PERIOD_3",12,"region_3","region_4",0.182134,0,0,TRUE,TRUE
"PERIOD_3",12,"region_3","region_5",0.047913,0,0,TRUE,TRUE
"PERIOD_3",12,"region_3","region_6",0.063473,0,0,TRUE,TRUE
"PERIOD_3",12,"region_4","region_1",-0.063351,0,0,TRUE,TRUE
"PERIOD_3",12,"region_4","region_2",-0.053558,0,0,TRUE,TRUE
"PERIOD_3",12,"region_4","region_3",0.019545,0.013241,0.016994,TRUE,TRUE
"PERIOD_3",12,"region_4","region_5",0.033491,2.2e-05,3.3e-05,TRUE,TRUE
"PERIOD_3",12,"region_4","region_6",0.023071,0.003455,0.004632,TRUE,TRUE
"PERIOD_3",12,"region_5","region_1",-0.0446,0,0,TRUE,TRUE
"PERIOD_3",12,"region_5","region_2",-0.054055,0,0,TRUE,TRUE
"PERIOD_3",12,"region_5","region_3",0.045166,0,0,TRUE,TRUE
"PERIOD_3",12,"region_5","region_4",0.060797,0,0,TRUE,TRUE
"PERIOD_3",12,"region_5","region_6",0.027378,0.00052,0.000728,TRUE,TRUE
"PERIOD_3",12,"region_6","region_1",-0.160345,0,0,TRUE,TRUE
"PERIOD_3",12,"region_6","region_2",-0.057956,0,0,TRUE,TRUE
"PERIOD_3",12,"region_6","region_3",0.090417,0,0,TRUE,TRUE
"PERIOD_3",12,"region_6","region_4",0.183651,0,0,TRUE,TRUE
"PERIOD_3",12,"region_6","region_5",0.048407,0,0,TRUE,TRUE
"PERIOD_3",13,"region_1","region_2",-0.024592,0.001828,0.002492,TRUE,TRUE
"PERIOD_3",13,"region_1","region_3",-0.074172,0,0,TRUE,TRUE
"PERIOD_3",13,"region_1","region_4",0.119597,0,0,TRUE,TRUE
"PERIOD_3",13,"region_1","region_5",0.010936,0.165723,0.18985,FALSE,FALSE
"PERIOD_3",13,"region_1","region_6",-0.195992,0,0,TRUE,TRUE
"PERIOD_3",13,"region_2","region_1",-0.120096,0,0,TRUE,TRUE
"PERIOD_3",13,"region_2","region_3",0.142167,0,0,TRUE,TRUE
"PERIOD_3",13,"region_2","region_4",0.190884,0,0,TRUE,TRUE
"PERIOD_3",13,"region_2","region_5",0.073264,0,0,TRUE,TRUE
"PERIOD_3",13,"region_2","region_6",-0.09974,0,0,TRUE,TRUE
"PERIOD_3",13,"region_3","region_1",-0.134977,0,0,TRUE,TRUE
"PERIOD_3",13,"region_3","region_2",0.006058,0.442629,0.474245,FALSE,FALSE
"PERIOD_3",13,"region_3","region_4",0.304225,0,0,TRUE,TRUE
"PERIOD_3",13,"region_3","region_5",0.091448,0,0,TRUE,TRUE
"PERIOD_3",13,"region_3","region_6",-0.146839,0,0,TRUE,TRUE
"PERIOD_3",13,"region_4","region_1",-0.101946,0,0,TRUE,TRUE
"PERIOD_3",13,"region_4","region_2",0.008425,0.285616,0.312291,FALSE,FALSE
"PERIOD_3",13,"region_4","region_3",0.095581,0,0,TRUE,TRUE
"PERIOD_3",13,"region_4","region_5",0.054449,0,0,TRUE,TRUE
"PERIOD_3",13,"region_4","region_6",-0.066301,0,0,TRUE,TRUE
"PERIOD_3",13,"region_5","region_1",-0.035319,8e-06,1.2e-05,TRUE,TRUE
"PERIOD_3",13,"region_5","region_2",-0.00958,0.224666,0.251961,FALSE,FALSE
"PERIOD_3",13,"region_5","region_3",0.040548,0,0,TRUE,TRUE
"PERIOD_3",13,"region_5","region_4",0.133866,0,0,TRUE,TRUE
"PERIOD_3",13,"region_5","region_6",-0.093485,0,0,TRUE,TRUE
"PERIOD_3",13,"region_6","region_1",-0.153104,0,0,TRUE,TRUE
"PERIOD_3",13,"region_6","region_2",-0.011036,0.161887,0.185899,FALSE,FALSE
"PERIOD_3",13,"region_6","region_3",0.198444,0,0,TRUE,TRUE
"PERIOD_3",13,"region_6","region_4",0.290896,0,0,TRUE,TRUE
"PERIOD_3",13,"region_6","region_5",0.093715,0,0,TRUE,TRUE
"PERIOD_3",14,"region_1","region_2",-0.028056,0.000377,0.000537,TRUE,TRUE
"PERIOD_3",14,"region_1","region_3",-0.007022,0.373452,0.401921,FALSE,FALSE
"PERIOD_3",14,"region_1","region_4",-0.009519,0.227631,0.2541,FALSE,FALSE
"PERIOD_3",14,"region_1","region_5",0.001109,0.888256,0.8995,FALSE,FALSE
"PERIOD_3",14,"region_1","region_6",0.059851,0,0,TRUE,TRUE
"PERIOD_3",14,"region_2","region_1",-0.032157,4.6e-05,6.9e-05,TRUE,TRUE
"PERIOD_3",14,"region_2","region_3",-0.052454,0,0,TRUE,TRUE
"PERIOD_3",14,"region_2","region_4",0.132685,0,0,TRUE,TRUE
"PERIOD_3",14,"region_2","region_5",-0.014608,0.064094,0.077105,FALSE,FALSE
"PERIOD_3",14,"region_2","region_6",0.042421,0,0,TRUE,TRUE
"PERIOD_3",14,"region_3","region_1",-0.006826,0.386948,0.415515,FALSE,FALSE
"PERIOD_3",14,"region_3","region_2",0.004457,0.572107,0.602218,FALSE,FALSE
"PERIOD_3",14,"region_3","region_4",0.291865,0,0,TRUE,TRUE
"PERIOD_3",14,"region_3","region_5",-0.044449,0,0,TRUE,TRUE
"PERIOD_3",14,"region_3","region_6",0.072875,0,0,TRUE,TRUE
"PERIOD_3",14,"region_4","region_1",-0.098003,0,0,TRUE,TRUE
"PERIOD_3",14,"region_4","region_2",-0.011524,0.144134,0.167434,FALSE,FALSE
"PERIOD_3",14,"region_4","region_3",0.057357,0,0,TRUE,TRUE
"PERIOD_3",14,"region_4","region_5",0.043535,0,0,TRUE,TRUE
"PERIOD_3",14,"region_4","region_6",0.025257,0.001369,0.001877,TRUE,TRUE
"PERIOD_3",14,"region_5","region_1",-0.056383,0,0,TRUE,TRUE
"PERIOD_3",14,"region_5","region_2",-0.004923,0.532665,0.561932,FALSE,FALSE
"PERIOD_3",14,"region_5","region_3",-0.020259,0.010237,0.013389,TRUE,TRUE
"PERIOD_3",14,"region_5","region_4",0.055992,0,0,TRUE,TRUE
"PERIOD_3",14,"region_5","region_6",0.029664,0.00017,0.000247,TRUE,TRUE
"PERIOD_3",14,"region_6","region_1",-0.033746,1.9e-05,2.9e-05,TRUE,TRUE
"PERIOD_3",14,"region_6","region_2",0.002166,0.783727,0.798702,FALSE,FALSE
"PERIOD_3",14,"region_6","region_3",-0.07559,0,0,TRUE,TRUE
"PERIOD_3",14,"region_6","region_4",0.250656,0,0,TRUE,TRUE
"PERIOD_3",14,"region_6","region_5",-0.020333,0.009965,0.013069,TRUE,TRUE
"PERIOD_3",15,"region_1","region_2",-0.059082,0,0,TRUE,TRUE
"PERIOD_3",15,"region_1","region_3",0.058681,0,0,TRUE,TRUE
"PERIOD_3",15,"region_1","region_4",-0.049875,0,0,TRUE,TRUE
"PERIOD_3",15,"region_1","region_5",-0.000697,0.929591,0.935437,FALSE,FALSE
"PERIOD_3",15,"region_1","region_6",0.016398,0.03768,0.046139,TRUE,TRUE
"PERIOD_3",15,"region_2","region_1",-0.0424,0,0,TRUE,TRUE
"PERIOD_3",15,"region_2","region_3",0.0856,0,0,TRUE,TRUE
"PERIOD_3",15,"region_2","region_4",-0.069464,0,0,TRUE,TRUE
"PERIOD_3",15,"region_2","region_5",0.008592,0.276156,0.303329,FALSE,FALSE
"PERIOD_3",15,"region_2","region_6",0.014727,0.061969,0.074924,FALSE,FALSE
"PERIOD_3",15,"region_3","region_1",-0.022272,0.00476,0.006295,TRUE,TRUE
"PERIOD_3",15,"region_3","region_2",-0.126975,0,0,TRUE,TRUE
"PERIOD_3",15,"region_3","region_4",-0.112581,0,0,TRUE,TRUE
"PERIOD_3",15,"region_3","region_5",0.003645,0.644068,0.672071,FALSE,FALSE
"PERIOD_3",15,"region_3","region_6",0.066692,0,0,TRUE,TRUE
"PERIOD_3",15,"region_4","region_1",-0.050284,0,0,TRUE,TRUE
"PERIOD_3",15,"region_4","region_2",-0.112017,0,0,TRUE,TRUE
"PERIOD_3",15,"region_4","region_3",0.179562,0,0,TRUE,TRUE
"PERIOD_3",15,"region_4","region_5",0.056915,0,0,TRUE,TRUE
"PERIOD_3",15,"region_4","region_6",-0.035706,6e-06,1e-05,TRUE,TRUE
"PERIOD_3",15,"region_5","region_1",-0.047893,0,0,TRUE,TRUE
"PERIOD_3",15,"region_5","region_2",-0.067756,0,0,TRUE,TRUE
"PERIOD_3",15,"region_5","region_3",0.073548,0,0,TRUE,TRUE
"PERIOD_3",15,"region_5","region_4",0.009007,0.253653,0.281186,FALSE,FALSE
"PERIOD_3",15,"region_5","region_6",0.036963,3e-06,4e-06,TRUE,TRUE
"PERIOD_3",15,"region_6","region_1",-0.04697,0,0,TRUE,TRUE
"PERIOD_3",15,"region_6","region_2",-0.136496,0,0,TRUE,TRUE
"PERIOD_3",15,"region_6","region_3",0.091977,0,0,TRUE,TRUE
"PERIOD_3",15,"region_6","region_4",-0.099365,0,0,TRUE,TRUE
"PERIOD_3",15,"region_6","region_5",-0.000313,0.968312,0.970333,FALSE,FALSE
"PERIOD_3",16,"region_1","region_2",-0.03006,0.000139,0.000203,TRUE,TRUE
"PERIOD_3",16,"region_1","region_3",-0.022774,0.003897,0.005181,TRUE,TRUE
"PERIOD_3",16,"region_1","region_4",0.011495,0.145152,0.167887,FALSE,FALSE
"PERIOD_3",16,"region_1","region_5",-0.003857,0.624969,0.654989,FALSE,FALSE
"PERIOD_3",16,"region_1","region_6",0.020113,0.010797,0.014006,TRUE,TRUE
"PERIOD_3",16,"region_2","region_1",-0.106713,0,0,TRUE,TRUE
"PERIOD_3",16,"region_2","region_3",0.083136,0,0,TRUE,TRUE
"PERIOD_3",16,"region_2","region_4",-0.008673,0.271646,0.299747,FALSE,FALSE
"PERIOD_3",16,"region_2","region_5",-0.020125,0.01075,0.013984,TRUE,TRUE
"PERIOD_3",16,"region_2","region_6",0.195975,0,0,TRUE,TRUE
"PERIOD_3",16,"region_3","region_1",-0.098221,0,0,TRUE,TRUE
"PERIOD_3",16,"region_3","region_2",-0.009278,0.23964,0.266267,FALSE,FALSE
"PERIOD_3",16,"region_3","region_4",-0.034905,1e-05,1.5e-05,TRUE,TRUE
"PERIOD_3",16,"region_3","region_5",-0.053173,0,0,TRUE,TRUE
"PERIOD_3",16,"region_3","region_6",0.256446,0,0,TRUE,TRUE
"PERIOD_3",16,"region_4","region_1",-0.016972,0.031467,0.038828,TRUE,TRUE
"PERIOD_3",16,"region_4","region_2",-0.014397,0.06804,0.081649,FALSE,FALSE
"PERIOD_3",16,"region_4","region_3",-0.039382,1e-06,1e-06,TRUE,TRUE
"PERIOD_3",16,"region_4","region_5",-0.065373,0,0,TRUE,TRUE
"PERIOD_3",16,"region_4","region_6",0.147061,0,0,TRUE,TRUE
"PERIOD_3",16,"region_5","region_1",-0.059633,0,0,TRUE,TRUE
"PERIOD_3",16,"region_5","region_2",-0.00395,0.61662,0.647654,FALSE,FALSE
"PERIOD_3",16,"region_5","region_3",-0.000577,0.94169,0.945631,FALSE,FALSE
"PERIOD_3",16,"region_5","region_4",0.046681,0,0,TRUE,TRUE
"PERIOD_3",16,"region_5","region_6",0.066563,0,0,TRUE,TRUE
"PERIOD_3",16,"region_6","region_1",-0.124032,0,0,TRUE,TRUE
"PERIOD_3",16,"region_6","region_2",-0.014387,0.068234,0.081676,FALSE,FALSE
"PERIOD_3",16,"region_6","region_3",0.116586,0,0,TRUE,TRUE
"PERIOD_3",16,"region_6","region_4",-0.048507,0,0,TRUE,TRUE
"PERIOD_3",16,"region_6","region_5",-0.035076,9e-06,1.4e-05,TRUE,TRUE
