"Periode","Lag","Effect","Cause","PLCMF_Value","Sig_PLCMF","Bound"
"PERIOD_1",1,"region_1","region_1",3.485997,TRUE,0.015464
"PERIOD_1",1,"region_1","region_2",0.251097,TRUE,0.015464
"PERIOD_1",1,"region_1","region_3",-0.017681,TRUE,0.015464
"PERIOD_1",1,"region_1","region_4",-0.195051,TRUE,0.015464
"PERIOD_1",1,"region_1","region_5",-0.036268,TRUE,0.015464
"PERIOD_1",1,"region_1","region_6",0.176389,TRUE,0.015464
"PERIOD_1",1,"region_2","region_1",-0.029419,TRUE,0.015464
"PERIOD_1",1,"region_2","region_2",3.135978,TRUE,0.015464
"PERIOD_1",1,"region_2","region_3",0.071758,TRUE,0.015464
"PERIOD_1",1,"region_2","region_4",-0.333283,TRUE,0.015464
"PERIOD_1",1,"region_2","region_5",-0.054034,TRUE,0.015464
"PERIOD_1",1,"region_2","region_6",0.389783,TRUE,0.015464
"PERIOD_1",1,"region_3","region_1",0.126285,TRUE,0.015464
"PERIOD_1",1,"region_3","region_2",-0.158865,TRUE,0.015464
"PERIOD_1",1,"region_3","region_3",2.166203,TRUE,0.015464
"PERIOD_1",1,"region_3","region_4",0.225963,TRUE,0.015464
"PERIOD_1",1,"region_3","region_5",0.003195,FALSE,0.015464
"PERIOD_1",1,"region_3","region_6",-0.011774,FALSE,0.015464
"PERIOD_1",1,"region_4","region_1",-0.137549,TRUE,0.015464
"PERIOD_1",1,"region_4","region_2",0.309727,TRUE,0.015464
"PERIOD_1",1,"region_4","region_3",-0.135843,TRUE,0.015464
"PERIOD_1",1,"region_4","region_4",1.76681,TRUE,0.015464
"PERIOD_1",1,"region_4","region_5",-0.052307,TRUE,0.015464
"PERIOD_1",1,"region_4","region_6",0.118719,TRUE,0.015464
"PERIOD_1",1,"region_5","region_1",-0.083074,TRUE,0.015464
"PERIOD_1",1,"region_5","region_2",0.227409,TRUE,0.015464
"PERIOD_1",1,"region_5","region_3",-0.073203,TRUE,0.015464
"PERIOD_1",1,"region_5","region_4",-0.107332,TRUE,0.015464
"PERIOD_1",1,"region_5","region_5",3.136212,TRUE,0.015464
"PERIOD_1",1,"region_5","region_6",0.080124,TRUE,0.015464
"PERIOD_1",1,"region_6","region_1",0.149419,TRUE,0.015464
"PERIOD_1",1,"region_6","region_2",-0.17703,TRUE,0.015464
"PERIOD_1",1,"region_6","region_3",-0.071618,TRUE,0.015464
"PERIOD_1",1,"region_6","region_4",0.068999,TRUE,0.015464
"PERIOD_1",1,"region_6","region_5",-0.013071,FALSE,0.015464
"PERIOD_1",1,"region_6","region_6",2.769612,TRUE,0.015464
"PERIOD_1",2,"region_1","region_1",0.096862,TRUE,0.015464
"PERIOD_1",2,"region_1","region_2",-0.090561,TRUE,0.015464
"PERIOD_1",2,"region_1","region_3",0.103768,TRUE,0.015464
"PERIOD_1",2,"region_1","region_4",-0.136289,TRUE,0.015464
"PERIOD_1",2,"region_1","region_5",-0.012075,FALSE,0.015464
"PERIOD_1",2,"region_1","region_6",-0.113225,TRUE,0.015464
"PERIOD_1",2,"region_2","region_1",-0.017568,TRUE,0.015464
"PERIOD_1",2,"region_2","region_2",-0.029066,TRUE,0.015464
"PERIOD_1",2,"region_2","region_3",0.223227,TRUE,0.015464
"PERIOD_1",2,"region_2","region_4",-0.168794,TRUE,0.015464
"PERIOD_1",2,"region_2","region_5",0.040191,TRUE,0.015464
"PERIOD_1",2,"region_2","region_6",-0.220157,TRUE,0.015464
"PERIOD_1",2,"region_3","region_1",0.034403,TRUE,0.015464
"PERIOD_1",2,"region_3","region_2",0.153653,TRUE,0.015464
"PERIOD_1",2,"region_3","region_3",0.080798,TRUE,0.015464
"PERIOD_1",2,"region_3","region_4",-0.191696,TRUE,0.015464
"PERIOD_1",2,"region_3","region_5",0.022279,TRUE,0.015464
"PERIOD_1",2,"region_3","region_6",-0.272436,TRUE,0.015464
"PERIOD_1",2,"region_4","region_1",0.027538,TRUE,0.015464
"PERIOD_1",2,"region_4","region_2",-0.031201,TRUE,0.015464
"PERIOD_1",2,"region_4","region_3",0.01446,FALSE,0.015464
"PERIOD_1",2,"region_4","region_4",-0.265643,TRUE,0.015464
"PERIOD_1",2,"region_4","region_5",-0.033149,TRUE,0.015464
"PERIOD_1",2,"region_4","region_6",-0.217227,TRUE,0.015464
"PERIOD_1",2,"region_5","region_1",-0.015689,TRUE,0.015464
"PERIOD_1",2,"region_5","region_2",-0.076141,TRUE,0.015464
"PERIOD_1",2,"region_5","region_3",0.048632,TRUE,0.015464
"PERIOD_1",2,"region_5","region_4",-0.253829,TRUE,0.015464
"PERIOD_1",2,"region_5","region_5",0.124352,TRUE,0.015464
"PERIOD_1",2,"region_5","region_6",-0.161168,TRUE,0.015464
"PERIOD_1",2,"region_6","region_1",0.037483,TRUE,0.015464
"PERIOD_1",2,"region_6","region_2",0.094122,TRUE,0.015464
"PERIOD_1",2,"region_6","region_3",0.09509,TRUE,0.015464
"PERIOD_1",2,"region_6","region_4",-0.138976,TRUE,0.015464
"PERIOD_1",2,"region_6","region_5",0.072542,TRUE,0.015464
"PERIOD_1",2,"region_6","region_6",-0.215243,TRUE,0.015464
"PERIOD_1",3,"region_1","region_1",0.069173,TRUE,0.015464
"PERIOD_1",3,"region_1","region_2",-0.103891,TRUE,0.015464
"PERIOD_1",3,"region_1","region_3",0.109784,TRUE,0.015464
"PERIOD_1",3,"region_1","region_4",0.014043,FALSE,0.015464
"PERIOD_1",3,"region_1","region_5",-0.016839,TRUE,0.015464
"PERIOD_1",3,"region_1","region_6",-0.033208,TRUE,0.015464
"PERIOD_1",3,"region_2","region_1",0.056023,TRUE,0.015464
"PERIOD_1",3,"region_2","region_2",-0.074458,TRUE,0.015464
"PERIOD_1",3,"region_2","region_3",0.286834,TRUE,0.015464
"PERIOD_1",3,"region_2","region_4",0.08788,TRUE,0.015464
"PERIOD_1",3,"region_2","region_5",0.097706,TRUE,0.015464
"PERIOD_1",3,"region_2","region_6",-0.087474,TRUE,0.015464
"PERIOD_1",3,"region_3","region_1",0.132045,TRUE,0.015464
"PERIOD_1",3,"region_3","region_2",0.13094,TRUE,0.015464
"PERIOD_1",3,"region_3","region_3",0.135951,TRUE,0.015464
"PERIOD_1",3,"region_3","region_4",0.00674,FALSE,0.015464
"PERIOD_1",3,"region_3","region_5",0.105873,TRUE,0.015464
"PERIOD_1",3,"region_3","region_6",-0.101584,TRUE,0.015464
"PERIOD_1",3,"region_4","region_1",0.066703,TRUE,0.015464
"PERIOD_1",3,"region_4","region_2",-0.022262,TRUE,0.015464
"PERIOD_1",3,"region_4","region_3",0.242814,TRUE,0.015464
"PERIOD_1",3,"region_4","region_4",-0.094732,TRUE,0.015464
"PERIOD_1",3,"region_4","region_5",0.08166,TRUE,0.015464
"PERIOD_1",3,"region_4","region_6",-0.170105,TRUE,0.015464
"PERIOD_1",3,"region_5","region_1",0.001975,FALSE,0.015464
"PERIOD_1",3,"region_5","region_2",-0.048628,TRUE,0.015464
"PERIOD_1",3,"region_5","region_3",0.149844,TRUE,0.015464
"PERIOD_1",3,"region_5","region_4",-0.079661,TRUE,0.015464
"PERIOD_1",3,"region_5","region_5",0.12776,TRUE,0.015464
"PERIOD_1",3,"region_5","region_6",-0.069019,TRUE,0.015464
"PERIOD_1",3,"region_6","region_1",0.139691,TRUE,0.015464
"PERIOD_1",3,"region_6","region_2",0.104665,TRUE,0.015464
"PERIOD_1",3,"region_6","region_3",0.152664,TRUE,0.015464
"PERIOD_1",3,"region_6","region_4",0.092039,TRUE,0.015464
"PERIOD_1",3,"region_6","region_5",0.13052,TRUE,0.015464
"PERIOD_1",3,"region_6","region_6",-0.055303,TRUE,0.015464
"PERIOD_1",4,"region_1","region_1",0.06359,TRUE,0.015464
"PERIOD_1",4,"region_1","region_2",-0.068466,TRUE,0.015464
"PERIOD_1",4,"region_1","region_3",0.108168,TRUE,0.015464
"PERIOD_1",4,"region_1","region_4",0.029092,TRUE,0.015464
"PERIOD_1",4,"region_1","region_5",0.037064,TRUE,0.015464
"PERIOD_1",4,"region_1","region_6",-0.060423,TRUE,0.015464
"PERIOD_1",4,"region_2","region_1",0.048149,TRUE,0.015464
"PERIOD_1",4,"region_2","region_2",-0.021195,TRUE,0.015464
"PERIOD_1",4,"region_2","region_3",0.133958,TRUE,0.015464
"PERIOD_1",4,"region_2","region_4",0.077185,TRUE,0.015464
"PERIOD_1",4,"region_2","region_5",0.085251,TRUE,0.015464
"PERIOD_1",4,"region_2","region_6",-0.073827,TRUE,0.015464
"PERIOD_1",4,"region_3","region_1",0.043124,TRUE,0.015464
"PERIOD_1",4,"region_3","region_2",0.118413,TRUE,0.015464
"PERIOD_1",4,"region_3","region_3",0.03615,TRUE,0.015464
"PERIOD_1",4,"region_3","region_4",-0.037685,TRUE,0.015464
"PERIOD_1",4,"region_3","region_5",0.073189,TRUE,0.015464
"PERIOD_1",4,"region_3","region_6",-0.114996,TRUE,0.015464
"PERIOD_1",4,"region_4","region_1",0.072535,TRUE,0.015464
"PERIOD_1",4,"region_4","region_2",-0.003713,FALSE,0.015464
"PERIOD_1",4,"region_4","region_3",0.155284,TRUE,0.015464
"PERIOD_1",4,"region_4","region_4",0.060744,TRUE,0.015464
"PERIOD_1",4,"region_4","region_5",0.102132,TRUE,0.015464
"PERIOD_1",4,"region_4","region_6",-0.078609,TRUE,0.015464
"PERIOD_1",4,"region_5","region_1",0.028951,TRUE,0.015464
"PERIOD_1",4,"region_5","region_2",-0.033856,TRUE,0.015464
"PERIOD_1",4,"region_5","region_3",0.144897,TRUE,0.015464
"PERIOD_1",4,"region_5","region_4",0.012593,FALSE,0.015464
"PERIOD_1",4,"region_5","region_5",0.108183,TRUE,0.015464
"PERIOD_1",4,"region_5","region_6",-0.076018,TRUE,0.015464
"PERIOD_1",4,"region_6","region_1",0.052129,TRUE,0.015464
"PERIOD_1",4,"region_6","region_2",0.116474,TRUE,0.015464
"PERIOD_1",4,"region_6","region_3",0.045107,TRUE,0.015464
"PERIOD_1",4,"region_6","region_4",-0.013497,FALSE,0.015464
"PERIOD_1",4,"region_6","region_5",0.087253,TRUE,0.015464
"PERIOD_1",4,"region_6","region_6",-0.139722,TRUE,0.015464
"PERIOD_1",5,"region_1","region_1",0.047439,TRUE,0.015464
"PERIOD_1",5,"region_1","region_2",-0.026828,TRUE,0.015464
"PERIOD_1",5,"region_1","region_3",-0.001692,FALSE,0.015464
"PERIOD_1",5,"region_1","region_4",0.072651,TRUE,0.015464
"PERIOD_1",5,"region_1","region_5",-0.013947,FALSE,0.015464
"PERIOD_1",5,"region_1","region_6",-0.017494,TRUE,0.015464
"PERIOD_1",5,"region_2","region_1",0.016376,TRUE,0.015464
"PERIOD_1",5,"region_2","region_2",0.058079,TRUE,0.015464
"PERIOD_1",5,"region_2","region_3",-0.049028,TRUE,0.015464
"PERIOD_1",5,"region_2","region_4",0.095847,TRUE,0.015464
"PERIOD_1",5,"region_2","region_5",0.005095,FALSE,0.015464
"PERIOD_1",5,"region_2","region_6",-0.023027,TRUE,0.015464
"PERIOD_1",5,"region_3","region_1",0.022845,TRUE,0.015464
"PERIOD_1",5,"region_3","region_2",0.16085,TRUE,0.015464
"PERIOD_1",5,"region_3","region_3",-0.158539,TRUE,0.015464
"PERIOD_1",5,"region_3","region_4",0.061012,TRUE,0.015464
"PERIOD_1",5,"region_3","region_5",-0.028275,TRUE,0.015464
"PERIOD_1",5,"region_3","region_6",0.006384,FALSE,0.015464
"PERIOD_1",5,"region_4","region_1",0.019429,TRUE,0.015464
"PERIOD_1",5,"region_4","region_2",0.043221,TRUE,0.015464
"PERIOD_1",5,"region_4","region_3",-0.009414,FALSE,0.015464
"PERIOD_1",5,"region_4","region_4",0.144155,TRUE,0.015464
"PERIOD_1",5,"region_4","region_5",0.022658,TRUE,0.015464
"PERIOD_1",5,"region_4","region_6",0.004782,FALSE,0.015464
"PERIOD_1",5,"region_5","region_1",0.027053,TRUE,0.015464
"PERIOD_1",5,"region_5","region_2",-0.016679,TRUE,0.015464
"PERIOD_1",5,"region_5","region_3",0.020511,TRUE,0.015464
"PERIOD_1",5,"region_5","region_4",0.067426,TRUE,0.015464
"PERIOD_1",5,"region_5","region_5",0.051332,TRUE,0.015464
"PERIOD_1",5,"region_5","region_6",-0.022583,TRUE,0.015464
"PERIOD_1",5,"region_6","region_1",0.034318,TRUE,0.015464
"PERIOD_1",5,"region_6","region_2",0.165317,TRUE,0.015464
"PERIOD_1",5,"region_6","region_3",-0.177819,TRUE,0.015464
"PERIOD_1",5,"region_6","region_4",0.064115,TRUE,0.015464
"PERIOD_1",5,"region_6","region_5",-0.03421,TRUE,0.015464
"PERIOD_1",5,"region_6","region_6",0.011888,FALSE,0.015464
"PERIOD_1",6,"region_1","region_1",0.042669,TRUE,0.015464
"PERIOD_1",6,"region_1","region_2",0.000672,FALSE,0.015464
"PERIOD_1",6,"region_1","region_3",0.00564,FALSE,0.015464
"PERIOD_1",6,"region_1","region_4",0.027926,TRUE,0.015464
"PERIOD_1",6,"region_1","region_5",0.018146,TRUE,0.015464
"PERIOD_1",6,"region_1","region_6",-0.085919,TRUE,0.015464
"PERIOD_1",6,"region_2","region_1",-0.017763,TRUE,0.015464
"PERIOD_1",6,"region_2","region_2",0.073208,TRUE,0.015464
"PERIOD_1",6,"region_2","region_3",-0.086196,TRUE,0.015464
"PERIOD_1",6,"region_2","region_4",0.041962,TRUE,0.015464
"PERIOD_1",6,"region_2","region_5",-0.017468,TRUE,0.015464
"PERIOD_1",6,"region_2","region_6",-0.086097,TRUE,0.015464
"PERIOD_1",6,"region_3","region_1",-0.034282,TRUE,0.015464
"PERIOD_1",6,"region_3","region_2",0.115386,TRUE,0.015464
"PERIOD_1",6,"region_3","region_3",-0.107827,TRUE,0.015464
"PERIOD_1",6,"region_3","region_4",0.018342,TRUE,0.015464
"PERIOD_1",6,"region_3","region_5",-0.08206,TRUE,0.015464
"PERIOD_1",6,"region_3","region_6",-0.120142,TRUE,0.015464
"PERIOD_1",6,"region_4","region_1",0.003313,FALSE,0.015464
"PERIOD_1",6,"region_4","region_2",0.033873,TRUE,0.015464
"PERIOD_1",6,"region_4","region_3",-0.009886,FALSE,0.015464
"PERIOD_1",6,"region_4","region_4",0.08059,TRUE,0.015464
"PERIOD_1",6,"region_4","region_5",0.024917,TRUE,0.015464
"PERIOD_1",6,"region_4","region_6",-0.013897,FALSE,0.015464
"PERIOD_1",6,"region_5","region_1",-0.002619,FALSE,0.015464
"PERIOD_1",6,"region_5","region_2",-0.016521,TRUE,0.015464
"PERIOD_1",6,"region_5","region_3",-0.013569,FALSE,0.015464
"PERIOD_1",6,"region_5","region_4",0.020675,TRUE,0.015464
"PERIOD_1",6,"region_5","region_5",0.071255,TRUE,0.015464
"PERIOD_1",6,"region_5","region_6",-0.030336,TRUE,0.015464
"PERIOD_1",6,"region_6","region_1",-0.052898,TRUE,0.015464
"PERIOD_1",6,"region_6","region_2",0.13225,TRUE,0.015464
"PERIOD_1",6,"region_6","region_3",-0.139756,TRUE,0.015464
"PERIOD_1",6,"region_6","region_4",0.014561,FALSE,0.015464
"PERIOD_1",6,"region_6","region_5",-0.096597,TRUE,0.015464
"PERIOD_1",6,"region_6","region_6",-0.11282,TRUE,0.015464
"PERIOD_1",7,"region_1","region_1",-0.000922,FALSE,0.015464
"PERIOD_1",7,"region_1","region_2",0.008149,FALSE,0.015464
"PERIOD_1",7,"region_1","region_3",-0.052778,TRUE,0.015464
"PERIOD_1",7,"region_1","region_4",0.029612,TRUE,0.015464
"PERIOD_1",7,"region_1","region_5",-0.027806,TRUE,0.015464
"PERIOD_1",7,"region_1","region_6",0.005698,FALSE,0.015464
"PERIOD_1",7,"region_2","region_1",-0.002842,FALSE,0.015464
"PERIOD_1",7,"region_2","region_2",0.064387,TRUE,0.015464
"PERIOD_1",7,"region_2","region_3",-0.054942,TRUE,0.015464
"PERIOD_1",7,"region_2","region_4",-0.041329,TRUE,0.015464
"PERIOD_1",7,"region_2","region_5",-0.009621,FALSE,0.015464
"PERIOD_1",7,"region_2","region_6",-0.058763,TRUE,0.015464
"PERIOD_1",7,"region_3","region_1",0.015679,TRUE,0.015464
"PERIOD_1",7,"region_3","region_2",0.060637,TRUE,0.015464
"PERIOD_1",7,"region_3","region_3",0.058722,TRUE,0.015464
"PERIOD_1",7,"region_3","region_4",-0.115455,TRUE,0.015464
"PERIOD_1",7,"region_3","region_5",0.012298,FALSE,0.015464
"PERIOD_1",7,"region_3","region_6",-0.086165,TRUE,0.015464
"PERIOD_1",7,"region_4","region_1",-0.046512,TRUE,0.015464
"PERIOD_1",7,"region_4","region_2",0.042925,TRUE,0.015464
"PERIOD_1",7,"region_4","region_3",-0.076049,TRUE,0.015464
"PERIOD_1",7,"region_4","region_4",0.063523,TRUE,0.015464
"PERIOD_1",7,"region_4","region_5",-0.033642,TRUE,0.015464
"PERIOD_1",7,"region_4","region_6",0.090887,TRUE,0.015464
"PERIOD_1",7,"region_5","region_1",-0.024763,TRUE,0.015464
"PERIOD_1",7,"region_5","region_2",-0.000855,FALSE,0.015464
"PERIOD_1",7,"region_5","region_3",-0.055521,TRUE,0.015464
"PERIOD_1",7,"region_5","region_4",0.009583,FALSE,0.015464
"PERIOD_1",7,"region_5","region_5",0.02907,TRUE,0.015464
"PERIOD_1",7,"region_5","region_6",0.019897,TRUE,0.015464
"PERIOD_1",7,"region_6","region_1",-0.002866,FALSE,0.015464
"PERIOD_1",7,"region_6","region_2",0.06129,TRUE,0.015464
"PERIOD_1",7,"region_6","region_3",0.035078,TRUE,0.015464
"PERIOD_1",7,"region_6","region_4",-0.137137,TRUE,0.015464
"PERIOD_1",7,"region_6","region_5",0.010953,FALSE,0.015464
"PERIOD_1",7,"region_6","region_6",-0.072592,TRUE,0.015464
"PERIOD_1",8,"region_1","region_1",0.00498,FALSE,0.015464
"PERIOD_1",8,"region_1","region_2",-0.012953,FALSE,0.015464
"PERIOD_1",8,"region_1","region_3",-0.007675,FALSE,0.015464
"PERIOD_1",8,"region_1","region_4",0.009127,FALSE,0.015464
"PERIOD_1",8,"region_1","region_5",-0.020227,TRUE,0.015464
"PERIOD_1",8,"region_1","region_6",-0.000561,FALSE,0.015464
"PERIOD_1",8,"region_2","region_1",0.009096,FALSE,0.015464
"PERIOD_1",8,"region_2","region_2",0.025015,TRUE,0.015464
"PERIOD_1",8,"region_2","region_3",-0.005186,FALSE,0.015464
"PERIOD_1",8,"region_2","region_4",-0.045701,TRUE,0.015464
"PERIOD_1",8,"region_2","region_5",-0.009667,FALSE,0.015464
"PERIOD_1",8,"region_2","region_6",-0.038112,TRUE,0.015464
"PERIOD_1",8,"region_3","region_1",-0.034374,TRUE,0.015464
"PERIOD_1",8,"region_3","region_2",0.031885,TRUE,0.015464
"PERIOD_1",8,"region_3","region_3",0.025831,TRUE,0.015464
"PERIOD_1",8,"region_3","region_4",0.043495,TRUE,0.015464
"PERIOD_1",8,"region_3","region_5",-0.006639,FALSE,0.015464
"PERIOD_1",8,"region_3","region_6",0.05882,TRUE,0.015464
"PERIOD_1",8,"region_4","region_1",-0.055397,TRUE,0.015464
"PERIOD_1",8,"region_4","region_2",-0.040822,TRUE,0.015464
"PERIOD_1",8,"region_4","region_3",0.070151,TRUE,0.015464
"PERIOD_1",8,"region_4","region_4",0.007174,FALSE,0.015464
"PERIOD_1",8,"region_4","region_5",-0.014582,FALSE,0.015464
"PERIOD_1",8,"region_4","region_6",0.101358,TRUE,0.015464
"PERIOD_1",8,"region_5","region_1",-0.02157,TRUE,0.015464
"PERIOD_1",8,"region_5","region_2",-0.026897,TRUE,0.015464
"PERIOD_1",8,"region_5","region_3",0.022275,TRUE,0.015464
"PERIOD_1",8,"region_5","region_4",-0.013851,FALSE,0.015464
"PERIOD_1",8,"region_5","region_5",0.005626,FALSE,0.015464
"PERIOD_1",8,"region_5","region_6",0.038439,TRUE,0.015464
"PERIOD_1",8,"region_6","region_1",-0.045489,TRUE,0.015464
"PERIOD_1",8,"region_6","region_2",0.023893,TRUE,0.015464
"PERIOD_1",8,"region_6","region_3",0.029977,TRUE,0.015464
"PERIOD_1",8,"region_6","region_4",0.008459,FALSE,0.015464
"PERIOD_1",8,"region_6","region_5",-0.018036,TRUE,0.015464
"PERIOD_1",8,"region_6","region_6",0.058006,TRUE,0.015464
"PERIOD_1",9,"region_1","region_1",-0.014439,FALSE,0.015464
"PERIOD_1",9,"region_1","region_2",-0.01596,TRUE,0.015464
"PERIOD_1",9,"region_1","region_3",0.012594,FALSE,0.015464
"PERIOD_1",9,"region_1","region_4",-0.017561,TRUE,0.015464
"PERIOD_1",9,"region_1","region_5",-0.013553,FALSE,0.015464
"PERIOD_1",9,"region_1","region_6",0.030214,TRUE,0.015464
"PERIOD_1",9,"region_2","region_1",-0.017636,TRUE,0.015464
"PERIOD_1",9,"region_2","region_2",0.019632,TRUE,0.015464
"PERIOD_1",9,"region_2","region_3",0.051873,TRUE,0.015464
"PERIOD_1",9,"region_2","region_4",-0.020847,TRUE,0.015464
"PERIOD_1",9,"region_2","region_5",0.019141,TRUE,0.015464
"PERIOD_1",9,"region_2","region_6",-0.04541,TRUE,0.015464
"PERIOD_1",9,"region_3","region_1",-0.063441,TRUE,0.015464
"PERIOD_1",9,"region_3","region_2",-0.03193,TRUE,0.015464
"PERIOD_1",9,"region_3","region_3",0.151211,TRUE,0.015464
"PERIOD_1",9,"region_3","region_4",0.057738,TRUE,0.015464
"PERIOD_1",9,"region_3","region_5",0.011241,FALSE,0.015464
"PERIOD_1",9,"region_3","region_6",0.086805,TRUE,0.015464
"PERIOD_1",9,"region_4","region_1",-0.105558,TRUE,0.015464
"PERIOD_1",9,"region_4","region_2",-0.085123,TRUE,0.015464
"PERIOD_1",9,"region_4","region_3",0.108739,TRUE,0.015464
"PERIOD_1",9,"region_4","region_4",-0.013069,FALSE,0.015464
"PERIOD_1",9,"region_4","region_5",-0.001346,FALSE,0.015464
"PERIOD_1",9,"region_4","region_6",0.155556,TRUE,0.015464
"PERIOD_1",9,"region_5","region_1",-0.030766,TRUE,0.015464
"PERIOD_1",9,"region_5","region_2",-0.054832,TRUE,0.015464
"PERIOD_1",9,"region_5","region_3",0.053838,TRUE,0.015464
"PERIOD_1",9,"region_5","region_4",-0.024561,TRUE,0.015464
"PERIOD_1",9,"region_5","region_5",0.024761,TRUE,0.015464
"PERIOD_1",9,"region_5","region_6",0.065709,TRUE,0.015464
"PERIOD_1",9,"region_6","region_1",-0.06511,TRUE,0.015464
"PERIOD_1",9,"region_6","region_2",-0.020487,TRUE,0.015464
"PERIOD_1",9,"region_6","region_3",0.145787,TRUE,0.015464
"PERIOD_1",9,"region_6","region_4",0.052655,TRUE,0.015464
"PERIOD_1",9,"region_6","region_5",0.01629,TRUE,0.015464
"PERIOD_1",9,"region_6","region_6",0.049617,TRUE,0.015464
"PERIOD_1",10,"region_1","region_1",-0.005905,FALSE,0.015464
"PERIOD_1",10,"region_1","region_2",-0.033908,TRUE,0.015464
"PERIOD_1",10,"region_1","region_3",0.030703,TRUE,0.015464
"PERIOD_1",10,"region_1","region_4",-0.01873,TRUE,0.015464
"PERIOD_1",10,"region_1","region_5",-0.013848,FALSE,0.015464
"PERIOD_1",10,"region_1","region_6",0.023221,TRUE,0.015464
"PERIOD_1",10,"region_2","region_1",-0.013084,FALSE,0.015464
"PERIOD_1",10,"region_2","region_2",0.011327,FALSE,0.015464
"PERIOD_1",10,"region_2","region_3",0.04906,TRUE,0.015464
"PERIOD_1",10,"region_2","region_4",6.6e-05,FALSE,0.015464
"PERIOD_1",10,"region_2","region_5",0.016505,TRUE,0.015464
"PERIOD_1",10,"region_2","region_6",-0.031659,TRUE,0.015464
"PERIOD_1",10,"region_3","region_1",-0.084369,TRUE,0.015464
"PERIOD_1",10,"region_3","region_2",-0.057154,TRUE,0.015464
"PERIOD_1",10,"region_3","region_3",0.091992,TRUE,0.015464
"PERIOD_1",10,"region_3","region_4",0.02548,TRUE,0.015464
"PERIOD_1",10,"region_3","region_5",-0.003481,FALSE,0.015464
"PERIOD_1",10,"region_3","region_6",0.123821,TRUE,0.015464
"PERIOD_1",10,"region_4","region_1",-0.070305,TRUE,0.015464
"PERIOD_1",10,"region_4","region_2",-0.095943,TRUE,0.015464
"PERIOD_1",10,"region_4","region_3",0.113654,TRUE,0.015464
"PERIOD_1",10,"region_4","region_4",-0.023255,TRUE,0.015464
"PERIOD_1",10,"region_4","region_5",-0.00818,FALSE,0.015464
"PERIOD_1",10,"region_4","region_6",0.096424,TRUE,0.015464
"PERIOD_1",10,"region_5","region_1",-0.031554,TRUE,0.015464
"PERIOD_1",10,"region_5","region_2",-0.05521,TRUE,0.015464
"PERIOD_1",10,"region_5","region_3",0.052177,TRUE,0.015464
"PERIOD_1",10,"region_5","region_4",-0.023556,TRUE,0.015464
"PERIOD_1",10,"region_5","region_5",0.009106,FALSE,0.015464
"PERIOD_1",10,"region_5","region_6",0.047995,TRUE,0.015464
"PERIOD_1",10,"region_6","region_1",-0.090924,TRUE,0.015464
"PERIOD_1",10,"region_6","region_2",-0.068525,TRUE,0.015464
"PERIOD_1",10,"region_6","region_3",0.115466,TRUE,0.015464
"PERIOD_1",10,"region_6","region_4",0.022135,TRUE,0.015464
"PERIOD_1",10,"region_6","region_5",-0.004449,FALSE,0.015464
"PERIOD_1",10,"region_6","region_6",0.121802,TRUE,0.015464
"PERIOD_1",11,"region_1","region_1",-0.019682,TRUE,0.015464
"PERIOD_1",11,"region_1","region_2",-0.028511,TRUE,0.015464
"PERIOD_1",11,"region_1","region_3",0.021218,TRUE,0.015464
"PERIOD_1",11,"region_1","region_4",-0.008493,FALSE,0.015464
"PERIOD_1",11,"region_1","region_5",0.002407,FALSE,0.015464
"PERIOD_1",11,"region_1","region_6",-0.009357,FALSE,0.015464
"PERIOD_1",11,"region_2","region_1",0.01263,FALSE,0.015464
"PERIOD_1",11,"region_2","region_2",0.036853,TRUE,0.015464
"PERIOD_1",11,"region_2","region_3",0.023578,TRUE,0.015464
"PERIOD_1",11,"region_2","region_4",0.070598,TRUE,0.015464
"PERIOD_1",11,"region_2","region_5",0.027636,TRUE,0.015464
"PERIOD_1",11,"region_2","region_6",-0.111179,TRUE,0.015464
"PERIOD_1",11,"region_3","region_1",-0.068122,TRUE,0.015464
"PERIOD_1",11,"region_3","region_2",-0.112568,TRUE,0.015464
"PERIOD_1",11,"region_3","region_3",0.091355,TRUE,0.015464
"PERIOD_1",11,"region_3","region_4",-0.035801,TRUE,0.015464
"PERIOD_1",11,"region_3","region_5",-0.017055,TRUE,0.015464
"PERIOD_1",11,"region_3","region_6",0.155446,TRUE,0.015464
"PERIOD_1",11,"region_4","region_1",0.001082,FALSE,0.015464
"PERIOD_1",11,"region_4","region_2",-0.040398,TRUE,0.015464
"PERIOD_1",11,"region_4","region_3",0.010355,FALSE,0.015464
"PERIOD_1",11,"region_4","region_4",0.111248,TRUE,0.015464
"PERIOD_1",11,"region_4","region_5",0.042787,TRUE,0.015464
"PERIOD_1",11,"region_4","region_6",-0.095366,TRUE,0.015464
"PERIOD_1",11,"region_5","region_1",-0.034283,TRUE,0.015464
"PERIOD_1",11,"region_5","region_2",-0.023847,TRUE,0.015464
"PERIOD_1",11,"region_5","region_3",0.041181,TRUE,0.015464
"PERIOD_1",11,"region_5","region_4",-0.011755,FALSE,0.015464
"PERIOD_1",11,"region_5","region_5",0.027942,TRUE,0.015464
"PERIOD_1",11,"region_5","region_6",0.012015,FALSE,0.015464
"PERIOD_1",11,"region_6","region_1",-0.077697,TRUE,0.015464
"PERIOD_1",11,"region_6","region_2",-0.090442,TRUE,0.015464
"PERIOD_1",11,"region_6","region_3",0.08816,TRUE,0.015464
"PERIOD_1",11,"region_6","region_4",0.006451,FALSE,0.015464
"PERIOD_1",11,"region_6","region_5",-0.004257,FALSE,0.015464
"PERIOD_1",11,"region_6","region_6",0.106889,TRUE,0.015464
"PERIOD_1",12,"region_1","region_1",0.009002,FALSE,0.015464
"PERIOD_1",12,"region_1","region_2",-0.011949,FALSE,0.015464
"PERIOD_1",12,"region_1","region_3",-0.020802,TRUE,0.015464
"PERIOD_1",12,"region_1","region_4",0.074861,TRUE,0.015464
"PERIOD_1",12,"region_1","region_5",0.000558,FALSE,0.015464
"PERIOD_1",12,"region_1","region_6",-0.074906,TRUE,0.015464
"PERIOD_1",12,"region_2","region_1",0.000115,FALSE,0.015464
"PERIOD_1",12,"region_2","region_2",0.038353,TRUE,0.015464
"PERIOD_1",12,"region_2","region_3",-0.012361,FALSE,0.015464
"PERIOD_1",12,"region_2","region_4",0.125033,TRUE,0.015464
"PERIOD_1",12,"region_2","region_5",0.015361,FALSE,0.015464
"PERIOD_1",12,"region_2","region_6",-0.102546,TRUE,0.015464
"PERIOD_1",12,"region_3","region_1",-0.037934,TRUE,0.015464
"PERIOD_1",12,"region_3","region_2",-0.101357,TRUE,0.015464
"PERIOD_1",12,"region_3","region_3",0.050818,TRUE,0.015464
"PERIOD_1",12,"region_3","region_4",0.036071,TRUE,0.015464
"PERIOD_1",12,"region_3","region_5",-0.018712,TRUE,0.015464
"PERIOD_1",12,"region_3","region_6",0.036821,TRUE,0.015464
"PERIOD_1",12,"region_4","region_1",0.041451,TRUE,0.015464
"PERIOD_1",12,"region_4","region_2",-0.008103,FALSE,0.015464
"PERIOD_1",12,"region_4","region_3",0.034963,TRUE,0.015464
"PERIOD_1",12,"region_4","region_4",0.193926,TRUE,0.015464
"PERIOD_1",12,"region_4","region_5",0.064999,TRUE,0.015464
"PERIOD_1",12,"region_4","region_6",-0.108265,TRUE,0.015464
"PERIOD_1",12,"region_5","region_1",0.020022,TRUE,0.015464
"PERIOD_1",12,"region_5","region_2",-0.022093,TRUE,0.015464
"PERIOD_1",12,"region_5","region_3",-0.003674,FALSE,0.015464
"PERIOD_1",12,"region_5","region_4",0.069357,TRUE,0.015464
"PERIOD_1",12,"region_5","region_5",0.064634,TRUE,0.015464
"PERIOD_1",12,"region_5","region_6",-0.08862,TRUE,0.015464
"PERIOD_1",12,"region_6","region_1",-0.076584,TRUE,0.015464
"PERIOD_1",12,"region_6","region_2",-0.10878,TRUE,0.015464
"PERIOD_1",12,"region_6","region_3",0.026831,TRUE,0.015464
"PERIOD_1",12,"region_6","region_4",0.088447,TRUE,0.015464
"PERIOD_1",12,"region_6","region_5",-0.005228,FALSE,0.015464
"PERIOD_1",12,"region_6","region_6",0.030875,TRUE,0.015464
"PERIOD_1",13,"region_1","region_1",-0.027407,TRUE,0.015464
"PERIOD_1",13,"region_1","region_2",-0.022557,TRUE,0.015464
"PERIOD_1",13,"region_1","region_3",0.001898,FALSE,0.015464
"PERIOD_1",13,"region_1","region_4",0.065463,TRUE,0.015464
"PERIOD_1",13,"region_1","region_5",0.011473,FALSE,0.015464
"PERIOD_1",13,"region_1","region_6",-0.053408,TRUE,0.015464
"PERIOD_1",13,"region_2","region_1",-0.039861,TRUE,0.015464
"PERIOD_1",13,"region_2","region_2",0.043801,TRUE,0.015464
"PERIOD_1",13,"region_2","region_3",0.008842,FALSE,0.015464
"PERIOD_1",13,"region_2","region_4",0.115407,TRUE,0.015464
"PERIOD_1",13,"region_2","region_5",0.015246,FALSE,0.015464
"PERIOD_1",13,"region_2","region_6",-0.065453,TRUE,0.015464
"PERIOD_1",13,"region_3","region_1",0.000636,FALSE,0.015464
"PERIOD_1",13,"region_3","region_2",-0.066267,TRUE,0.015464
"PERIOD_1",13,"region_3","region_3",0.043029,TRUE,0.015464
"PERIOD_1",13,"region_3","region_4",0.095814,TRUE,0.015464
"PERIOD_1",13,"region_3","region_5",0.026514,TRUE,0.015464
"PERIOD_1",13,"region_3","region_6",-0.038153,TRUE,0.015464
"PERIOD_1",13,"region_4","region_1",0.032311,TRUE,0.015464
"PERIOD_1",13,"region_4","region_2",-0.00172,FALSE,0.015464
"PERIOD_1",13,"region_4","region_3",0.028035,TRUE,0.015464
"PERIOD_1",13,"region_4","region_4",0.23749,TRUE,0.015464
"PERIOD_1",13,"region_4","region_5",0.051079,TRUE,0.015464
"PERIOD_1",13,"region_4","region_6",-0.053732,TRUE,0.015464
"PERIOD_1",13,"region_5","region_1",0.013513,FALSE,0.015464
"PERIOD_1",13,"region_5","region_2",0.002321,FALSE,0.015464
"PERIOD_1",13,"region_5","region_3",0.02122,TRUE,0.015464
"PERIOD_1",13,"region_5","region_4",0.089044,TRUE,0.015464
"PERIOD_1",13,"region_5","region_5",0.043712,TRUE,0.015464
"PERIOD_1",13,"region_5","region_6",-0.088029,TRUE,0.015464
"PERIOD_1",13,"region_6","region_1",-0.035466,TRUE,0.015464
"PERIOD_1",13,"region_6","region_2",-0.077442,TRUE,0.015464
"PERIOD_1",13,"region_6","region_3",0.036295,TRUE,0.015464
"PERIOD_1",13,"region_6","region_4",0.111382,TRUE,0.015464
"PERIOD_1",13,"region_6","region_5",0.017473,TRUE,0.015464
"PERIOD_1",13,"region_6","region_6",-0.005386,FALSE,0.015464
"PERIOD_1",14,"region_1","region_1",-0.006216,FALSE,0.015464
"PERIOD_1",14,"region_1","region_2",0.024164,TRUE,0.015464
"PERIOD_1",14,"region_1","region_3",-0.002122,FALSE,0.015464
"PERIOD_1",14,"region_1","region_4",0.085087,TRUE,0.015464
"PERIOD_1",14,"region_1","region_5",0.018599,TRUE,0.015464
"PERIOD_1",14,"region_1","region_6",-0.113738,TRUE,0.015464
"PERIOD_1",14,"region_2","region_1",-0.037704,TRUE,0.015464
"PERIOD_1",14,"region_2","region_2",0.071054,TRUE,0.015464
"PERIOD_1",14,"region_2","region_3",-0.023906,TRUE,0.015464
"PERIOD_1",14,"region_2","region_4",0.128545,TRUE,0.015464
"PERIOD_1",14,"region_2","region_5",0.018208,TRUE,0.015464
"PERIOD_1",14,"region_2","region_6",-0.108044,TRUE,0.015464
"PERIOD_1",14,"region_3","region_1",-0.002185,FALSE,0.015464
"PERIOD_1",14,"region_3","region_2",0.00367,FALSE,0.015464
"PERIOD_1",14,"region_3","region_3",0.031262,TRUE,0.015464
"PERIOD_1",14,"region_3","region_4",0.14641,TRUE,0.015464
"PERIOD_1",14,"region_3","region_5",0.046923,TRUE,0.015464
"PERIOD_1",14,"region_3","region_6",-0.103191,TRUE,0.015464
"PERIOD_1",14,"region_4","region_1",0.043948,TRUE,0.015464
"PERIOD_1",14,"region_4","region_2",0.050034,TRUE,0.015464
"PERIOD_1",14,"region_4","region_3",0.004345,FALSE,0.015464
"PERIOD_1",14,"region_4","region_4",0.288976,TRUE,0.015464
"PERIOD_1",14,"region_4","region_5",0.061367,TRUE,0.015464
"PERIOD_1",14,"region_4","region_6",-0.100887,TRUE,0.015464
"PERIOD_1",14,"region_5","region_1",0.007068,FALSE,0.015464
"PERIOD_1",14,"region_5","region_2",0.028338,TRUE,0.015464
"PERIOD_1",14,"region_5","region_3",0.03833,TRUE,0.015464
"PERIOD_1",14,"region_5","region_4",0.126897,TRUE,0.015464
"PERIOD_1",14,"region_5","region_5",0.053815,TRUE,0.015464
"PERIOD_1",14,"region_5","region_6",-0.115513,TRUE,0.015464
"PERIOD_1",14,"region_6","region_1",-0.049015,TRUE,0.015464
"PERIOD_1",14,"region_6","region_2",0.012755,FALSE,0.015464
"PERIOD_1",14,"region_6","region_3",0.007077,FALSE,0.015464
"PERIOD_1",14,"region_6","region_4",0.164547,TRUE,0.015464
"PERIOD_1",14,"region_6","region_5",0.046926,TRUE,0.015464
"PERIOD_1",14,"region_6","region_6",-0.094796,TRUE,0.015464
"PERIOD_1",15,"region_1","region_1",-0.092696,TRUE,0.015464
"PERIOD_1",15,"region_1","region_2",-0.009049,FALSE,0.015464
"PERIOD_1",15,"region_1","region_3",0.051,TRUE,0.015464
"PERIOD_1",15,"region_1","region_4",0.032897,TRUE,0.015464
"PERIOD_1",15,"region_1","region_5",-0.02059,TRUE,0.015464
"PERIOD_1",15,"region_1","region_6",0.064402,TRUE,0.015464
"PERIOD_1",15,"region_2","region_1",-0.137645,TRUE,0.015464
"PERIOD_1",15,"region_2","region_2",0.022277,TRUE,0.015464
"PERIOD_1",15,"region_2","region_3",0.020488,TRUE,0.015464
"PERIOD_1",15,"region_2","region_4",0.060776,TRUE,0.015464
"PERIOD_1",15,"region_2","region_5",-0.023323,TRUE,0.015464
"PERIOD_1",15,"region_2","region_6",0.099276,TRUE,0.015464
"PERIOD_1",15,"region_3","region_1",-0.130455,TRUE,0.015464
"PERIOD_1",15,"region_3","region_2",-0.037834,TRUE,0.015464
"PERIOD_1",15,"region_3","region_3",0.053552,TRUE,0.015464
"PERIOD_1",15,"region_3","region_4",0.122381,TRUE,0.015464
"PERIOD_1",15,"region_3","region_5",0.009578,FALSE,0.015464
"PERIOD_1",15,"region_3","region_6",0.187432,TRUE,0.015464
"PERIOD_1",15,"region_4","region_1",-0.0791,TRUE,0.015464
"PERIOD_1",15,"region_4","region_2",0.001433,FALSE,0.015464
"PERIOD_1",15,"region_4","region_3",0.036859,TRUE,0.015464
"PERIOD_1",15,"region_4","region_4",0.201438,TRUE,0.015464
"PERIOD_1",15,"region_4","region_5",0.002269,FALSE,0.015464
"PERIOD_1",15,"region_4","region_6",0.139613,TRUE,0.015464
"PERIOD_1",15,"region_5","region_1",-0.078494,TRUE,0.015464
"PERIOD_1",15,"region_5","region_2",-0.021567,TRUE,0.015464
"PERIOD_1",15,"region_5","region_3",0.043835,TRUE,0.015464
"PERIOD_1",15,"region_5","region_4",0.062271,TRUE,0.015464
"PERIOD_1",15,"region_5","region_5",0.022133,TRUE,0.015464
"PERIOD_1",15,"region_5","region_6",0.06939,TRUE,0.015464
"PERIOD_1",15,"region_6","region_1",-0.169103,TRUE,0.015464
"PERIOD_1",15,"region_6","region_2",-0.054687,TRUE,0.015464
"PERIOD_1",15,"region_6","region_3",0.061613,TRUE,0.015464
"PERIOD_1",15,"region_6","region_4",0.091181,TRUE,0.015464
"PERIOD_1",15,"region_6","region_5",0.002074,FALSE,0.015464
"PERIOD_1",15,"region_6","region_6",0.225805,TRUE,0.015464
"PERIOD_1",16,"region_1","region_1",-0.040836,TRUE,0.015464
"PERIOD_1",16,"region_1","region_2",0.009562,FALSE,0.015464
"PERIOD_1",16,"region_1","region_3",-0.018274,TRUE,0.015464
"PERIOD_1",16,"region_1","region_4",0.024192,TRUE,0.015464
"PERIOD_1",16,"region_1","region_5",-0.009142,FALSE,0.015464
"PERIOD_1",16,"region_1","region_6",-0.012161,FALSE,0.015464
"PERIOD_1",16,"region_2","region_1",-0.182982,TRUE,0.015464
"PERIOD_1",16,"region_2","region_2",-0.047753,TRUE,0.015464
"PERIOD_1",16,"region_2","region_3",0.022386,TRUE,0.015464
"PERIOD_1",16,"region_2","region_4",-0.004389,FALSE,0.015464
"PERIOD_1",16,"region_2","region_5",-0.046617,TRUE,0.015464
"PERIOD_1",16,"region_2","region_6",0.14454,TRUE,0.015464
"PERIOD_1",16,"region_3","region_1",-0.18047,TRUE,0.015464
"PERIOD_1",16,"region_3","region_2",-0.150617,TRUE,0.015464
"PERIOD_1",16,"region_3","region_3",0.081674,TRUE,0.015464
"PERIOD_1",16,"region_3","region_4",-0.000589,FALSE,0.015464
"PERIOD_1",16,"region_3","region_5",-0.039019,TRUE,0.015464
"PERIOD_1",16,"region_3","region_6",0.310823,TRUE,0.015464
"PERIOD_1",16,"region_4","region_1",-0.062983,TRUE,0.015464
"PERIOD_1",16,"region_4","region_2",0.01164,FALSE,0.015464
"PERIOD_1",16,"region_4","region_3",-0.04907,TRUE,0.015464
"PERIOD_1",16,"region_4","region_4",0.160273,TRUE,0.015464
"PERIOD_1",16,"region_4","region_5",-0.028558,TRUE,0.015464
"PERIOD_1",16,"region_4","region_6",0.018125,TRUE,0.015464
"PERIOD_1",16,"region_5","region_1",-0.052944,TRUE,0.015464
"PERIOD_1",16,"region_5","region_2",-0.018485,TRUE,0.015464
"PERIOD_1",16,"region_5","region_3",0.015024,FALSE,0.015464
"PERIOD_1",16,"region_5","region_4",0.045802,TRUE,0.015464
"PERIOD_1",16,"region_5","region_5",0.001162,FALSE,0.015464
"PERIOD_1",16,"region_5","region_6",0.012415,FALSE,0.015464
"PERIOD_1",16,"region_6","region_1",-0.223756,TRUE,0.015464
"PERIOD_1",16,"region_6","region_2",-0.193134,TRUE,0.015464
"PERIOD_1",16,"region_6","region_3",0.107518,TRUE,0.015464
"PERIOD_1",16,"region_6","region_4",-0.035432,TRUE,0.015464
"PERIOD_1",16,"region_6","region_5",-0.053262,TRUE,0.015464
"PERIOD_1",16,"region_6","region_6",0.341721,TRUE,0.015464
